news;internet;politics;lrscale;obedience;health;religious;relattend;livewomarr;divorced;edu3;edu6;zamieszkanie3;rozwod_balanced
60;1;3;10;4;4;5;5;2;2;1;2;3; 
60;2;3;6;2;2;7;3;2;2;1;2;3; 
90;1;3;8;3;2;8;4;2;2;1;2;3; 
180;5;2;5;3;2;10;3;2;2;1;2;3; 
60;3;3;5;3;2;7;3;2;2;1;2;3; 
120;5;2;5;2;3;3;5;2;2;1;2;3; 
60;1;1;10;1;4;10;2;2;2;1;2;3; 
1200;5;3;10;2;2;10;6;6;2;1;2;3; 
240;2;1;5;2;3;8;3;2;2;1;2;3; 
150;1;3;10;3;2;8;3;2;2;1;2;3; 
30;2;2;5;3;2;5;5;6;2;1;2;3; 
120;3;3;5;2;2;5;5;2;2;1;2;3; 
90;5;2;7;3;2;5;4;1;2;1;2;3; 
30;5;3;10;1;3;10;2;2;2;1;2;3; 
30;4;3;5;2;3;10;3;1;2;1;2;3; 
60;1;3;5;1;5;10;2;2;2;1;2;3; 
195;2;1;10;1;3;7;3;1;2;1;2;3; 
60;3;3;8;1;1;4;4;2;2;1;2;3; 
90;5;2;0;1;3;7;3;2;2;1;2;3; 
60;2;2;5;1;4;3;4;2;2;1;2;3; 
210;1;3;5;3;9;99;99;2;2;1;2;3; 
30;3;2;5;2;3;8;3;2;2;2;3;3; 
30;3;2;10;1;2;10;3;2;2;2;3;3; 
90;5;3;10;2;2;3;3;2;2;2;3;3; 
90;5;3;1;3;3;5;4;2;2;2;3;3; 
5;5;3;99;4;2;5;4;2;2;2;3;3; 
30;5;3;10;2;2;6;4;2;2;2;3;3; 
30;5;3;99;3;2;7;5;1;2;2;3;3; 
30;5;3;4;2;2;7;6;2;2;2;3;3; 
120;5;2;10;3;3;7;3;2;2;2;3;3; 
20;5;3;1;5;3;0;6;6;2;2;3;3; 
120;5;3;5;5;3;0;7;1;2;2;3;3; 
60;5;3;7;3;3;5;5;2;2;2;3;3; 
90;5;3;6;3;3;8;3;2;2;2;3;3; 
210;5;1;5;1;5;10;3;2;2;2;3;3; 
240;1;2;3;3;3;99;99;2;2;2;3;3; 
60;2;3;5;2;2;9;3;2;2;2;3;3; 
5;5;4;5;5;2;2;6;2;2;2;3;3; 
150;5;3;10;1;3;10;3;2;2;2;3;3; 
330;5;2;2;3;2;6;4;6;2;2;4;3; 
60;2;3;10;1;4;10;2;1;2;2;4;3; 
20;3;3;5;1;1;5;4;2;2;2;4;3; 
360;3;4;0;1;5;0;7;2;2;2;4;3; 
20;5;3;0;2;2;5;4;2;2;2;4;3; 
90;5;3;10;1;2;4;6;2;2;2;4;3; 
10;5;3;10;2;2;8;3;2;2;2;4;3; 
10;2;3;3;2;2;8;3;1;2;2;4;3; 
30;5;3;5;3;1;7;5;2;2;2;4;3; 
30;5;2;0;2;1;10;4;1;2;2;4;3; 
30;5;3;7;3;4;6;3;2;2;2;4;3; 
30;2;4;8;3;2;4;5;2;2;2;4;3; 
5;5;3;5;3;1;1;6;2;2;2;4;3; 
60;5;4;4;3;2;0;7;2;2;2;4;3; 
30;5;3;7;3;2;7;3;2;2;2;4;3; 
90;5;1;5;5;2;0;7;2;2;2;4;3; 
120;4;2;8;1;2;6;3;2;2;2;4;3; 
9999;5;4;5;1;1;3;5;2;2;2;4;3; 
30;5;2;10;2;2;9;3;2;2;2;4;3; 
210;1;3;5;2;3;4;6;2;2;2;4;3; 
30;5;3;0;1;3;0;7;2;2;2;4;3; 
30;4;3;5;3;3;2;6;6;2;2;4;3; 
150;1;1;10;2;4;5;4;2;2;2;4;3; 
30;5;2;5;3;1;8;3;2;2;2;4;3; 
15;5;4;5;2;2;8;3;2;2;2;4;3; 
30;5;2;99;9;2;5;4;2;2;2;4;3; 
60;3;3;8;3;4;6;5;1;2;2;4;3; 
30;3;3;5;1;2;5;6;1;2;2;4;3; 
30;2;4;7;2;3;5;4;2;2;2;4;3; 
90;3;3;5;2;3;8;2;2;2;2;4;3; 
20;5;3;0;3;2;0;7;1;2;2;4;3; 
15;5;3;5;3;1;6;4;2;2;2;4;3; 
60;4;3;5;3;2;7;5;1;2;2;4;3; 
30;5;3;5;4;3;8;4;2;2;2;4;3; 
60;5;3;7;1;1;6;4;2;2;2;4;3; 
180;5;2;99;3;1;99;6;6;2;2;4;3; 
90;3;2;4;2;2;8;3;2;2;2;4;3; 
70;5;3;5;2;3;8;3;2;2;2;4;3; 
30;3;2;5;2;1;6;4;2;2;2;4;3; 
10;4;4;6;2;2;5;3;1;2;2;4;3; 
45;3;3;5;3;1;5;5;2;2;3;5;3; 
140;5;3;10;2;2;2;5;2;2;3;5;3; 
12;5;2;5;3;2;6;4;1;2;3;5;3; 
30;5;3;7;3;3;8;3;2;2;3;5;3; 
60;3;2;6;2;2;7;4;2;2;3;5;3; 
120;5;2;5;4;2;3;7;1;2;3;5;3; 
20;5;3;5;3;2;6;3;2;2;3;5;3; 
20;5;3;5;1;2;7;3;2;2;3;5;3; 
10;4;3;5;2;3;5;4;2;2;3;5;3; 
9999;5;3;1;2;2;9;2;1;2;3;5;3; 
70;1;3;8;2;4;99;6;2;2;3;5;3; 
10;5;3;99;9;2;7;3;2;2;3;6;3; 
60;5;3;7;1;1;9;2;2;2;3;6;3; 
20;5;2;5;3;1;5;5;2;2;3;6;3; 
40;5;3;6;4;1;7;3;2;2;3;6;3; 
30;5;2;4;2;1;8;3;2;2;3;6;3; 
180;5;1;8;1;2;3;5;6;2;3;6;3; 
30;5;3;7;1;2;9;3;2;2;3;6;3; 
30;5;3;6;1;5;10;3;1;2;3;6;3; 
15;5;3;10;2;2;8;3;2;2;3;6;3; 
9999;2;3;99;9;3;99;3;9;2; ; ;3; 
100;5;3;10;2;2;99;4;2;2; ; ;3; 
60;3;3;5;1;2;9;4;1;2; ; ;3; 
30;5;3;1;3;2;0;7;2;2; ; ;3; 
1440;5;1;9;1;1;10;5;2;2; ; ;3; 
40;5;3;7;2;2;6;4;2;2;1;1;3; 
140;5;3;5;3;2;6;3;1;2;1;1;3; 
60;5;2;0;4;3;4;6;1;2;1;1;3; 
135;5;2;2;2;3;5;4;2;2;1;1;3; 
60;5;3;5;3;4;0;6;2;2;1;1;3; 
95;5;3;8;2;3;3;5;1;2;1;1;3; 
90;5;3;10;2;2;4;5;1;2;1;1;3; 
45;5;2;2;2;2;6;5;2;2;1;1;3; 
10;4;4;7;3;2;6;4;2;2;1;1;3; 
9999;5;4;3;4;1;1;5;2;2;1;1;3; 
15;5;4;7;4;2;1;2;1;2;1;1;3; 
9999;5;3;5;5;2;5;6;2;2;1;1;3; 
10;5;4;5;2;3;3;6;2;2;1;1;3; 
90;4;2;10;3;3;6;3;2;2;1;1;3; 
90;2;3;5;2;3;8;3;2;2;1;1;3; 
150;4;2;99;2;2;6;5;2;2;1;1;3; 
240;1;2;5;3;3;5;3;2;2;1;1;3; 
240;1;1;5;1;5;4;5;2;2;1;1;3; 
60;1;2;7;3;3;5;3;2;2;1;1;3; 
40;5;3;3;1;2;9;2;2;2;1;1;3; 
130;2;3;8;2;3;8;3;2;2;1;1;3; 
130;1;3;10;4;3;5;5;2;2;1;1;3; 
60;5;3;5;2;4;8;3;2;2;1;1;3; 
180;1;3;10;2;2;10;3;2;2;1;1;3; 
20;3;3;10;2;2;10;5;2;2;1;1;3; 
195;1;2;6;1;4;10;3;2;2;1;1;3; 
120;1;2;10;1;4;5;3;2;2;1;1;3; 
150;1;2;7;2;4;6;5;2;2;1;1;3; 
1230;1;3;10;2;3;10;3;2;2;1;1;3; 
20;1;3;4;4;2;7;3;2;2;1;1;3; 
210;1;3;5;3;3;10;1;2;2;1;1;3; 
9999;2;3;1;3;2;8;5;2;2;1;1;3; 
120;3;3;10;2;2;8;3;2;2;1;1;3; 
60;5;2;9;2;2;10;2;2;2;1;1;3; 
60;1;2;10;1;3;8;3;2;2;1;1;3; 
150;1;2;5;2;5;5;5;2;2;1;1;3; 
30;3;3;5;3;2;3;6;2;2;1;1;3; 
30;1;3;5;2;4;9;3;2;2;1;1;3; 
140;4;3;99;9;2;6;5;2;2;1;1;3; 
30;1;3;10;2;2;10;3;2;2;1;1;3; 
90;5;3;3;3;4;1;5;2;2;1;1;3; 
120;5;2;10;3;1;8;3;2;2;1;1;3; 
60;5;2;6;2;1;5;5;2;2;1;1;3; 
120;1;3;4;2;3;10;3;2;2;1;1;3; 
30;5;3;5;4;3;1;5;2;2;1;1;3; 
50;1;3;5;3;2;9;3;2;2;1;1;3; 
270;1;3;7;2;2;99;3;2;2;1;1;3; 
60;1;2;10;1;3;9;99;2;2;1;1;3; 
60;3;2;99;2;3;8;3;2;2;1;1;3; 
120;1;3;8;9;3;10;3;2;2;1;1;3; 
50;2;3;6;1;3;6;3;2;2;1;1;3; 
120;1;3;8;2;3;8;4;2;2;1;1;3; 
15;1;3;5;4;2;10;3;1;2;1;1;3; 
120;1;3;10;1;3;10;5;2;2;1;1;3; 
5;4;4;7;4;1;0;3;2;2;1;1;3; 
150;3;2;7;1;4;10;3;2;2;1;1;3; 
180;1;2;9;1;3;10;1;1;2;1;1;3; 
240;1;1;10;1;3;10;4;2;2;1;1;3; 
120;5;1;5;3;2;8;5;2;2;1;1;3; 
30;1;2;4;4;5;6;4;2;2;1;1;3; 
140;1;3;10;2;3;8;3;9;2;1;1;3; 
15;1;4;7;3;2;8;3;2;2;1;1;3; 
90;5;1;5;3;3;5;5;2;2;1;1;3; 
150;1;3;10;2;3;7;3;2;2;1;1;3; 
9999;3;4;5;1;3;7;3;2;2;1;1;3; 
210;2;3;5;1;2;5;5;2;2;1;1;3; 
60;5;3;5;2;1;5;3;2;2;1;1;3; 
60;1;2;0;1;3;5;4;2;2;1;1;3; 
150;2;3;5;3;3;6;4;2;2;1;1;3; 
180;1;1;10;1;3;9;3;2;2;1;1;3; 
80;2;3;99;1;3;3;5;2;2;1;1;3; 
120;5;2;10;2;3;10;2;2;2;1;1;3; 
50;5;2;8;2;1;7;4;2;2;1;1;3; 
60;4;2;10;2;2;8;4;6;2;1;1;3; 
90;1;2;7;4;4;8;5;2;2;1;1;3; 
150;5;3;3;5;3;6;5;2;2;1;1;3; 
60;2;2;5;2;3;4;3;2;2;1;1;3; 
120;1;1;10;1;3;3;7;1;2;1;1;3; 
60;1;3;5;3;2;5;3;2;2;1;1;3; 
150;2;2;10;1;3;10;2;2;2;1;1;3; 
10;5;3;5;2;3;7;3;2;2;1;1;3; 
5;5;3;99;4;2;1;5;2;2;1;1;3; 
210;1;2;10;2;4;9;3;2;2;1;1;3; 
180;3;3;5;3;2;3;5;1;2;1;1;3; 
120;1;3;5;9;3;5;5;1;2;1;1;3; 
20;5;2;3;3;3;3;5;2;2;1;1;3; 
80;1;3;1;4;4;10;5;2;2;1;1;3; 
150;1;2;10;1;1;10;3;2;2;1;1;3; 
30;5;3;3;3;4;5;5;2;2;1;1;3; 
90;1;2;5;2;5;10;6;2;2;1;1;3; 
10;5;4;5;3;3;5;3;2;2;1;1;3; 
60;1;4;5;2;5;5;5;2;2;1;1;3; 
40;2;3;10;2;4;8;3;2;2;1;1;3; 
120;1;3;5;2;4;8;4;2;2;1;1;3; 
70;1;3;10;1;3;10;7;2;2;1;1;3; 
150;1;2;5;1;4;99;3;2;2;1;1;3; 
120;5;2;5;3;3;5;3;1;2;1;2;3; 
9999;5;4;7;3;2;8;6;2;2;1;2;3; 
70;5;3;5;2;2;7;5;6;2;1;2;3; 
60;1;3;8;9;2;9;3;2;2;1;2;3; 
45;5;3;5;4;2;2;5;1;2;1;2;3; 
60;3;3;0;3;3;2;5;2;2;1;2;3; 
60;5;3;5;2;2;6;3;1;2;1;2;3; 
30;5;3;8;3;1;7;3;2;2;1;2;3; 
15;5;4;5;4;2;6;5;2;2;1;2;3; 
30;2;3;5;1;2;5;3;1;2;1;2;3; 
90;5;3;10;2;4;9;3;2;2;1;2;3; 
80;2;3;5;1;2;8;3;2;2;1;2;3; 
60;1;3;6;2;3;6;3;2;2;1;2;3; 
180;2;2;5;3;3;9;2;2;2;1;2;3; 
100;2;2;10;1;4;6;3;2;2;1;2;3; 
60;5;4;7;9;2;5;4;2;2;1;2;3; 
120;1;1;5;1;3;5;2;2;2;1;2;3; 
60;5;2;0;2;1;9;4;2;2;1;2;3; 
120;2;4;5;2;2;8;3;2;2;1;2;3; 
200;1;1;10;1;3;10;2;2;2;1;2;3; 
170;4;2;5;2;3;10;2;2;2;1;2;3; 
180;2;3;10;2;3;8;3;2;2;1;2;3; 
30;5;2;0;3;2;2;5;1;2;1;2;3; 
170;2;3;8;3;4;8;2;2;2;1;2;3; 
30;2;3;10;2;3;5;6;2;2;1;2;3; 
180;1;3;8;2;4;5;6;2;2;1;2;3; 
120;1;3;3;2;4;4;3;2;2;1;2;3; 
120;9;3;8;3;3;10;1;2;2;1;2;3; 
60;5;2;99;2;2;4;5;2;2;1;2;3; 
240;5;2;10;1;4;8;3;2;2;1;2;3; 
59;4;2;5;5;2;8;2;2;2;1;2;3; 
150;2;3;10;5;3;9;3;2;2;1;2;3; 
15;3;4;10;2;3;10;3;2;2;1;2;3; 
230;5;2;99;1;3;10;5;2;2;1;2;3; 
90;2;1;0;2;2;5;5;2;2;1;2;3; 
70;1;2;10;1;3;9;2;2;2;1;2;3; 
65;1;3;10;2;3;10;5;2;2;1;2;3; 
120;3;2;9;2;2;8;3;2;2;1;2;3; 
30;1;3;5;2;2;2;6;2;2;1;2;3; 
210;3;2;5;4;3;0;6;2;2;1;2;3; 
60;5;3;99;1;2;10;3;2;2;1;2;3; 
60;1;2;7;1;3;10;3;2;2;1;2;3; 
60;2;3;5;2;3;9;4;2;2;1;2;3; 
50;5;2;6;2;3;3;5;2;2;1;2;3; 
45;3;3;8;2;3;8;4;2;2;1;2;3; 
90;2;2;7;2;1;8;3;2;2;1;2;3; 
90;2;1;10;2;2;99;3;2;2;1;2;3; 
150;2;1;10;1;3;8;3;2;2;1;2;3; 
45;1;3;5;2;3;5;3;2;2;1;2;3; 
30;2;4;5;3;2;6;4;2;2;1;2;3; 
120;3;1;10;1;2;6;3;2;2;1;2;3; 
20;2;2;10;1;3;3;5;2;2;1;2;3; 
150;5;3;3;3;4;0;6;2;2;1;2;3; 
120;5;2;10;2;3;9;4;2;2;1;2;3; 
60;3;3;5;3;3;5;4;1;2;1;2;3; 
90;2;2;5;2;3;4;4;2;2;1;2;3; 
270;2;2;4;2;3;5;4;2;2;1;2;3; 
80;1;3;10;1;3;10;3;2;2;1;2;3; 
120;5;2;10;1;3;10;3;2;2;1;2;3; 
60;1;4;0;2;3;99;5;2;2;1;2;3; 
135;1;3;7;2;3;4;7;2;2;1;2;3; 
270;1;2;8;1;2;10;5;2;2;1;2;3; 
120;3;2;8;1;3;8;3;2;2;1;2;3; 
50;2;3;5;3;3;7;3;2;2;1;2;3; 
160;2;2;8;3;3;8;3;2;2;1;2;3; 
60;2;3;99;2;2;8;3;2;2;1;2;3; 
360;5;1;5;3;4;5;4;2;2;1;2;3; 
40;2;2;10;1;2;8;5;1;2;1;2;3; 
15;1;3;10;2;2;5;5;2;2;1;2;3; 
60;2;3;0;2;2;8;2;2;2;1;2;3; 
60;2;4;99;1;3;7;3;2;2;1;2;3; 
30;2;3;4;2;3;6;3;2;2;1;2;3; 
240;3;3;99;1;2;3;4;2;2;1;2;3; 
80;1;3;10;4;3;5;3;2;2;1;2;3; 
180;2;3;10;1;2;10;3;2;2;1;2;3; 
70;5;2;10;2;2;9;2;2;2;1;2;3; 
720;1;1;5;2;2;4;7;2;2;1;2;3; 
30;3;3;8;1;1;8;3;2;2;1;2;3; 
9999;2;3;4;4;3;4;4;2;2;1;2;3; 
100;1;3;9;1;3;10;3;2;2;1;2;3; 
15;5;3;5;1;2;6;3;2;2;1;2;3; 
120;5;3;5;2;3;5;4;2;2;1;2;3; 
20;5;2;10;5;2;1;5;2;2;1;2;3; 
300;5;3;10;1;3;8;5;2;2;1;2;3; 
60;1;4;5;2;1;6;3;6;2;1;2;3; 
60;1;3;5;3;2;6;4;2;2;1;2;3; 
140;5;1;10;2;2;10;3;2;2;1;2;3; 
180;1;2;4;1;3;7;3;2;2;1;2;3; 
9999;2;4;99;2;2;10;3;2;2;1;2;3; 
60;5;3;5;1;1;10;3;2;2;1;2;3; 
20;3;3;99;1;3;5;3;2;2;1;2;3; 
30;2;3;5;2;3;8;4;2;2;1;2;3; 
120;1;2;0;4;3;6;3;2;2;1;2;3; 
60;2;3;5;2;3;5;4;2;2;1;2;3; 
90;2;2;10;2;2;9;3;2;2;1;2;3; 
90;2;1;10;2;2;10;3;2;2;1;2;3; 
270;1;1;8;2;3;8;3;2;2;1;2;3; 
170;2;2;10;2;2;10;2;2;2;1;2;3; 
120;3;2;10;2;3;8;3;2;2;1;2;3; 
30;4;3;10;2;2;8;3;2;2;1;2;3; 
60;2;4;5;2;2;5;5;2;2;1;2;3; 
30;1;3;5;3;2;4;4;2;2;1;2;3; 
75;1;3;7;4;3;10;3;2;2;1;2;3; 
80;2;3;4;2;3;8;4;2;2;1;2;3; 
210;3;2;2;2;3;3;5;2;2;1;2;3; 
40;3;3;99;1;3;8;2;2;2;1;2;3; 
90;5;3;4;2;3;7;3;2;2;1;2;3; 
60;5;2;4;2;2;8;3;2;2;1;2;3; 
9999;3;4;5;3;2;4;4;2;2;1;2;3; 
60;4;2;7;4;2;3;5;2;2;1;2;3; 
60;5;3;7;1;3;8;3;2;2;1;2;3; 
30;5;3;0;2;3;10;2;2;2;1;2;3; 
210;3;2;8;2;4;5;3;2;2;1;2;3; 
9999;9;9;5;1;3;9;3;2;2;1;2;3; 
30;2;2;3;3;4;8;6;2;2;1;2;3; 
80;1;2;7;1;3;8;3;2;2;1;2;3; 
210;1;1;8;1;2;8;3;2;2;1;2;3; 
71;1;3;10;1;3;10;2;2;2;1;2;3; 
30;3;3;8;3;1;7;3;2;2;1;2;3; 
130;3;3;10;1;2;7;3;2;2;1;2;3; 
90;1;1;9;3;2;9;3;2;2;1;2;3; 
70;1;2;7;3;4;7;5;2;2;1;2;3; 
30;3;3;10;4;2;5;4;2;2;1;2;3; 
120;5;3;6;2;2;8;3;2;2;1;2;3; 
60;5;2;5;2;2;6;4;2;2;1;2;3; 
30;2;3;10;2;3;10;2;2;2;1;2;3; 
300;5;2;0;2;2;6;5;2;2;1;2;3; 
15;3;9;10;2;3;7;5;2;2;1;2;3; 
30;3;3;99;3;2;6;2;2;2;1;2;3; 
120;2;2;10;2;2;5;4;2;2;1;2;3; 
60;3;3;5;2;2;5;4;2;2;1;2;3; 
30;5;3;5;2;3;4;4;2;2;1;2;3; 
180;2;2;6;1;2;8;3;2;2;1;2;3; 
240;1;1;10;3;3;2;6;2;2;1;2;3; 
120;1;1;5;2;5;10;3;2;2;1;2;3; 
20;4;2;5;1;1;7;4;2;2;1;2;3; 
240;2;2;8;2;3;5;4;2;2;1;2;3; 
30;5;2;6;9;2;7;3;2;2;1;2;3; 
60;1;3;10;2;4;8;3;2;2;1;2;3; 
120;1;1;10;1;2;6;6;1;2;1;2;3; 
150;1;3;0;1;2;8;3;2;2;1;2;3; 
150;3;3;10;2;3;10;4;2;2;1;2;3; 
240;5;3;8;1;2;8;4;2;2;1;2;3; 
160;2;2;10;2;3;9;2;2;2;1;2;3; 
150;1;3;10;2;3;5;3;2;2;1;2;3; 
55;1;3;10;4;4;7;7;2;2;1;2;3; 
100;1;2;8;1;3;6;4;2;2;1;2;3; 
30;5;3;5;4;3;4;6;1;2;2;3;3; 
120;2;2;7;2;2;7;3;2;2;2;3;3; 
90;1;2;4;2;2;5;3;2;2;2;3;3; 
25;4;3;5;1;1;2;4;2;2;2;3;3; 
120;5;3;5;3;1;6;4;1;2;2;3;3; 
150;5;3;0;5;3;3;6;2;2;2;3;3; 
9999;5;4;5;1;1;5;3;9;2;2;3;3; 
270;3;1;0;2;2;8;3;2;2;2;3;3; 
150;5;3;7;2;1;2;5;1;2;2;3;3; 
60;5;2;5;2;3;7;4;1;2;2;3;3; 
210;1;2;4;3;2;10;3;2;2;2;3;3; 
130;2;3;10;2;2;99;2;2;2;2;3;3; 
9999;5;3;5;2;4;6;3;2;2;2;3;3; 
90;2;2;10;1;2;7;3;2;2;2;3;3; 
30;5;3;2;2;3;3;6;2;2;2;3;3; 
70;5;3;9;2;2;9;3;2;2;2;3;3; 
60;5;2;5;3;3;3;5;2;2;2;3;3; 
60;5;3;6;2;2;99;3;1;2;2;3;3; 
20;5;9;5;2;2;7;2;1;2;2;3;3; 
20;5;3;6;2;3;8;4;2;2;2;3;3; 
120;4;2;3;4;3;5;4;2;2;2;3;3; 
60;5;3;5;2;2;3;5;2;2;2;3;3; 
60;5;2;6;2;3;7;4;1;2;2;3;3; 
60;2;3;1;2;2;0;6;2;2;2;3;3; 
90;4;2;0;2;2;6;7;2;2;2;3;3; 
300;5;1;10;5;1;10;5;1;2;2;3;3; 
60;4;3;5;3;2;7;4;2;2;2;3;3; 
140;5;2;8;2;2;9;4;2;2;2;3;3; 
60;5;3;5;3;2;4;5;2;2;2;3;3; 
150;4;3;0;3;2;6;5;2;2;2;3;3; 
150;1;2;10;2;4;10;1;2;2;2;3;3; 
150;5;2;7;2;3;9;2;2;2;2;3;3; 
30;5;3;10;1;2;6;5;2;2;2;3;3; 
30;5;3;5;2;2;4;5;2;2;2;3;3; 
210;1;1;10;1;3;10;1;2;2;2;3;3; 
30;5;3;6;1;2;6;4;2;2;2;3;3; 
30;5;2;5;2;3;5;5;1;2;2;3;3; 
5;5;3;5;2;4;7;3;2;2;2;3;3; 
90;5;2;3;5;2;0;7;2;2;2;3;3; 
20;5;3;10;1;2;4;4;1;2;2;3;3; 
45;5;3;4;2;2;5;5;9;2;2;3;3; 
70;4;2;5;2;2;5;3;1;2;2;3;3; 
150;4;2;0;2;2;3;5;2;2;2;3;3; 
150;1;1;0;2;2;5;3;2;2;2;3;3; 
120;1;3;10;1;3;10;2;2;2;2;3;3; 
210;5;1;0;4;3;0;7;1;2;2;3;3; 
150;5;2;5;2;2;1;7;1;2;2;3;3; 
40;5;3;4;4;3;5;3;2;2;2;3;3; 
150;4;3;5;2;3;5;5;2;2;2;3;3; 
120;5;2;0;3;2;6;6;1;2;2;3;3; 
30;5;3;7;3;5;8;3;2;2;2;3;3; 
10;5;3;5;3;3;0;6;6;2;2;3;3; 
680;1;3;4;2;4;2;5;2;2;2;3;3; 
60;5;3;9;3;2;7;5;2;2;2;3;3; 
15;2;4;99;2;2;10;3;2;2;2;3;3; 
80;4;3;8;3;3;10;3;2;2;2;3;3; 
120;3;3;5;3;1;5;3;2;2;2;3;3; 
10;4;3;0;2;3;9;3;1;2;2;3;3; 
180;5;2;10;1;1;10;3;2;2;2;3;3; 
20;4;3;10;2;2;9;3;2;2;2;3;3; 
180;1;2;10;1;3;8;3;2;2;2;3;3; 
270;4;1;10;2;3;9;3;2;2;2;3;3; 
120;5;2;5;5;2;3;6;1;2;2;3;3; 
60;5;1;5;2;4;5;5;6;2;2;3;3; 
60;5;3;5;3;3;7;4;1;2;2;3;3; 
150;5;2;8;2;3;8;3;2;2;2;3;3; 
150;5;2;5;3;2;8;5;1;2;2;3;3; 
105;1;2;10;3;3;10;3;2;2;2;4;3; 
40;5;2;5;1;2;6;3;2;2;2;4;3; 
90;5;2;10;2;3;5;99;2;2;2;4;3; 
70;5;3;8;1;3;8;3;2;2;2;4;3; 
20;5;4;8;2;2;4;5;1;2;2;4;3; 
30;5;3;0;1;1;5;4;2;2;2;4;3; 
60;4;3;5;2;2;10;3;2;2;2;4;3; 
270;2;2;10;3;2;6;3;2;2;2;4;3; 
40;4;3;5;3;3;5;5;1;2;2;4;3; 
90;4;1;6;2;2;4;6;9;2;2;4;3; 
90;1;3;0;1;3;5;5;2;2;2;4;3; 
330;5;2;10;1;2;99;3;2;2;2;4;3; 
60;5;3;99;3;1;8;4;1;2;2;4;3; 
60;3;2;8;3;3;7;3;2;2;2;4;3; 
30;4;2;3;1;2;6;4;2;2;2;4;3; 
9999;5;4;3;4;2;2;7;2;2;2;4;3; 
15;5;4;5;1;3;5;4;6;2;2;4;3; 
60;5;3;5;1;1;8;4;1;2;2;4;3; 
105;5;3;5;4;2;3;3;2;2;2;4;3; 
180;5;2;0;2;3;6;3;2;2;2;4;3; 
240;5;2;10;3;2;9;3;2;2;2;4;3; 
30;4;3;5;3;2;5;4;2;2;2;4;3; 
60;3;2;7;4;2;7;3;2;2;2;4;3; 
15;5;4;5;4;2;2;7;1;2;2;4;3; 
30;3;2;10;2;2;5;4;2;2;2;4;3; 
60;5;2;6;2;3;8;3;2;2;2;4;3; 
15;5;3;10;2;2;10;1;2;2;2;4;3; 
5;5;3;5;2;4;10;4;2;2;2;4;3; 
120;1;2;5;3;3;3;4;2;2;2;4;3; 
60;5;2;4;2;3;6;7;2;2;2;4;3; 
10;5;4;8;2;2;8;3;2;2;2;4;3; 
60;3;3;5;2;2;8;3;2;2;2;4;3; 
100;5;2;5;1;2;5;5;2;2;2;4;3; 
60;5;2;5;2;2;6;5;2;2;2;4;3; 
30;1;3;5;2;2;7;3;2;2;2;4;3; 
20;3;4;5;3;3;3;5;2;2;2;4;3; 
130;3;3;9;3;3;7;5;2;2;2;4;3; 
70;5;3;0;3;3;6;5;2;2;2;4;3; 
240;5;3;5;3;2;5;4;1;2;2;4;3; 
60;2;3;10;2;2;5;6;2;2;2;4;3; 
30;5;3;5;4;2;8;3;1;2;2;4;3; 
45;2;2;4;4;2;4;3;9;2;2;4;3; 
30;5;3;5;3;2;6;5;2;2;2;4;3; 
30;1;4;5;3;2;8;3;2;2;2;4;3; 
120;5;2;10;1;2;8;3;2;2;2;4;3; 
30;5;3;4;3;2;3;5;2;2;2;4;3; 
60;1;3;10;1;2;8;3;2;2;2;4;3; 
60;4;3;5;3;2;6;3;2;2;2;4;3; 
90;3;3;9;2;2;2;6;1;2;2;4;3; 
15;5;2;5;4;4;8;3;2;2;2;4;3; 
140;1;2;5;2;2;8;4;2;2;2;4;3; 
130;5;2;5;2;2;5;5;2;2;2;4;3; 
30;5;3;5;4;2;3;3;1;2;2;4;3; 
60;5;3;5;3;3;7;4;2;2;2;4;3; 
60;1;4;1;9;2;7;3;2;2;2;4;3; 
5;5;3;5;3;2;4;5;2;2;2;4;3; 
200;9;2;10;1;3;10;3;2;2;2;4;3; 
90;4;2;8;2;2;8;4;2;2;2;4;3; 
60;5;2;2;1;3;7;3;2;2;2;4;3; 
130;3;2;5;1;3;10;3;2;2;2;4;3; 
90;1;2;10;1;3;7;3;2;2;2;4;3; 
180;4;2;1;2;9;2;4;1;2;2;4;3; 
30;2;2;10;1;2;8;2;2;2;2;4;3; 
20;5;3;5;4;4;2;5;1;2;2;4;3; 
90;5;2;5;2;3;5;5;1;2;2;4;3; 
40;5;3;2;1;2;5;4;2;2;2;4;3; 
80;3;3;5;2;2;5;3;2;2;2;4;3; 
90;5;2;10;3;3;7;5;6;2;2;4;3; 
60;5;3;4;2;3;3;3;2;2;2;4;3; 
30;5;2;5;3;3;0;6;1;2;2;4;3; 
60;2;2;2;4;3;8;2;2;2;2;4;3; 
60;2;2;5;3;3;2;5;2;2;2;4;3; 
20;3;3;5;2;3;5;3;2;2;2;4;3; 
60;5;3;8;3;2;8;4;2;2;2;4;3; 
240;2;2;9;2;2;99;3;2;2;2;4;3; 
30;2;3;9;3;2;3;5;2;2;2;4;3; 
80;2;2;5;2;1;5;4;2;2;2;4;3; 
120;5;3;5;2;2;2;5;2;2;2;4;3; 
30;5;2;0;2;1;5;4;2;2;2;4;3; 
45;2;3;8;3;2;7;3;2;2;2;4;3; 
45;5;2;10;2;2;7;3;2;2;2;4;3; 
120;4;3;99;3;3;10;6;2;2;2;4;3; 
30;5;3;7;3;2;6;3;2;2;2;4;3; 
90;3;3;10;2;2;10;3;2;2;2;4;3; 
180;2;2;10;2;3;3;3;2;2;2;4;3; 
30;5;3;8;2;3;8;3;2;2;2;4;3; 
10;4;3;5;2;3;99;3;2;2;2;4;3; 
60;5;2;4;3;2;1;7;2;2;2;4;3; 
150;1;2;5;2;2;5;3;2;2;2;4;3; 
60;2;4;9;3;2;7;3;2;2;2;4;3; 
75;5;2;8;2;2;9;2;2;2;2;4;3; 
40;5;3;5;3;2;6;5;2;2;2;4;3; 
300;5;1;10;3;2;0;7;2;2;2;4;3; 
70;1;3;10;2;2;8;3;2;2;2;4;3; 
150;4;3;4;2;3;8;2;2;2;2;4;3; 
30;5;3;5;4;1;2;6;1;2;3;5;3; 
60;5;2;9;2;1;4;5;1;2;3;5;3; 
60;5;2;2;3;1;1;5;2;2;3;5;3; 
120;5;4;99;3;4;7;6;2;2;3;5;3; 
120;5;2;6;3;3;3;5;1;2;3;5;3; 
60;5;2;4;2;2;8;3;9;2;3;5;3; 
20;5;3;7;2;3;5;4;2;2;3;5;3; 
130;5;3;5;4;2;7;5;1;2;3;5;3; 
30;3;3;5;2;3;4;4;2;2;3;5;3; 
15;2;3;7;2;3;5;5;2;2;3;5;3; 
90;5;2;7;1;3;6;3;2;2;3;5;3; 
120;5;2;0;2;1;0;6;1;2;3;5;3; 
119;5;2;5;3;1;5;5;1;2;3;5;3; 
330;5;1;8;2;2;10;3;2;2;3;5;3; 
132;5;2;9;2;2;7;3;2;2;3;5;3; 
130;5;2;3;2;3;4;4;2;2;3;5;3; 
90;5;3;5;2;3;9;3;2;2;3;5;3; 
10;5;3;6;2;1;8;4;1;2;3;5;3; 
120;5;1;5;3;2;7;3;1;2;3;6;3; 
60;2;3;99;4;2;8;3;2;2;3;6;3; 
15;5;3;6;2;3;8;4;1;2;3;6;3; 
60;4;3;8;2;2;5;4;1;2;3;6;3; 
10;5;2;5;4;2;5;5;1;2;3;6;3; 
60;5;2;2;3;2;8;3;1;2;3;6;3; 
30;5;3;5;4;3;4;6;2;2;3;6;3; 
150;5;2;4;4;3;2;6;1;2;3;6;3; 
20;5;2;7;3;3;9;3;2;2;3;6;3; 
180;5;1;10;5;3;10;3;2;2;3;6;3; 
20;9;3;7;3;2;6;4;1;2;3;6;3; 
150;5;1;10;3;3;7;3;2;2;3;6;3; 
90;5;2;5;3;2;5;5;1;2;3;6;3; 
15;5;3;2;4;2;2;7;6;2;3;6;3; 
30;5;2;7;5;2;1;6;1;2;3;6;3; 
150;5;1;6;2;3;8;3;2;2;3;6;3; 
120;5;1;1;2;2;2;5;2;2;3;6;3; 
30;4;2;3;2;2;7;4;1;2;3;6;3; 
10;4;3;10;2;2;7;1;2;2;3;6;3; 
40;4;2;7;4;2;10;3;2;2;3;6;3; 
30;5;2;5;2;2;6;5;1;2;3;6;3; 
90;5;3;6;3;3;6;3;2;2;3;6;3; 
9999;5;3;8;4;1;7;3;2;2;3;6;3; 
25;5;2;3;2;3;7;3;2;2;3;6;3; 
180;5;1;5;2;2;9;3;2;2;3;6;3; 
150;5;2;5;4;2;8;3;2;2;3;6;3; 
15;5;4;8;2;2;10;3;2;2;3;6;3; 
90;3;2;2;1;2;1;7;2;2;3;6;3; 
15;5;3;5;4;2;9;3;2;2;3;6;3; 
120;5;2;5;3;2;4;4;1;2;3;6;3; 
25;5;3;5;4;3;0;6;2;2;3;6;3; 
30;4;3;5;3;3;8;3;2;2;3;6;3; 
120;5;3;3;4;2;7;6;6;2;3;6;3; 
15;5;4;3;5;3;0;6;1;2;3;6;3; 
30;5;3;5;3;2;9;5;2;2;3;6;3; 
120;5;2;9;1;2;9;1;2;2;3;6;3; 
20;5;3;7;3;2;7;3;1;2;3;6;3; 
180;5;2;5;3;2;3;5;2;2;3;6;3; 
180;5;1;3;2;3;1;6;2;2;3;6;3; 
60;5;2;5;4;2;7;3;2;2;3;6;3; 
60;4;2;5;1;3;3;7;2;2;3;6;3; 
60;5;2;4;3;3;1;7;2;2;3;6;3; 
150;5;1;5;1;2;5;5;2;2;3;6;3; 
60;5;3;5;3;3;6;4;1;2;3;6;3; 
120;5;2;10;2;2;7;3;2;2;3;6;3; 
120;3;2;10;2;3;7;3;2;2;3;6;3; 
30;5;3;6;3;1;8;3;2;2;3;6;3; 
90;5;2;9;2;2;5;3;2;2;3;6;3; 
60;5;3;5;4;1;6;4;2;2;3;6;3; 
120;5;3;5;2;1;7;4;2;2;3;6;3; 
30;5;3;3;2;2;4;6;1;2;3;6;3; 
210;3;2;8;2;3;5;3;2;2;3;6;3; 
60;5;3;0;4;2;5;5;2;2;3;6;3; 
140;5;2;1;4;2;0;7;1;2;3;6;3; 
120;5;3;99;3;3;4;6;1;2;3;6;3; 
120;5;3;5;3;3;6;4;2;2;3;6;3; 
9999;9;3;99;9;3;99;1;2;9;1;1;3; 
5;5;4;5;4;3;5;7;9;9; ; ;3; 
30;5;3;10;2;3;7;3;9;9;1;2;3; 
150;1;3;99;2;2;7;3;9;9;1;1;3; 
90;1;2;10;2;3;9;3;2;9;1;1;3; 
150;3;2;10;1;2;9;2;9;9;1;1;3; 
180;1;1;10;1;4;10;2;9;9;1;2;3; 
120;9;2;7;1;4;8;3;2;9;1;2;3; 
100;5;2;5;3;3;8;2;2;9;1;2;3; 
90;4;2;5;3;2;3;5;9;9;2;3;3; 
30;5;2;5;2;2;4;4;2;9;2;3;3; 
110;3;2;10;2;1;10;5;9;9;2;3;3; 
150;5;1;10;1;2;10;4;9;9;2;4;3; 
90;3;2;10;1;3;5;5;2;9;2;4;3; 
150;2;3;99;2;3;5;3;9;9;3;6;3; 
210;1;1;5;3;2;4;6;9;9;3;6;3; 
60;3;3;4;2;3;7;4;2;2;1;2;2; 
210;5;2;3;3;2;10;3;2;2;1;2;2; 
210;2;3;8;1;4;5;5;1;2;1;2;2; 
90;4;2;0;2;2;5;2;2;2;1;2;2; 
300;5;1;10;2;4;10;3;2;2;1;2;2; 
60;3;2;5;2;2;6;5;2;2;1;2;2; 
480;3;3;8;4;4;0;7;1;2;1;2;2; 
90;5;2;7;2;3;4;6;2;2;2;3;2; 
30;5;3;1;4;3;0;7;1;2;2;3;2; 
120;5;2;6;4;2;3;6;2;2;2;3;2; 
15;5;4;0;4;2;8;5;2;2;2;3;2; 
15;5;4;5;2;1;0;5;1;2;2;3;2; 
9999;5;3;5;5;4;10;7;2;2;2;3;2; 
60;2;2;8;3;3;7;3;2;2;2;3;2; 
30;5;3;5;4;3;0;7;6;2;2;3;2; 
90;5;3;3;3;2;5;6;2;2;2;3;2; 
120;5;2;4;2;3;3;6;2;2;2;3;2; 
10;5;4;5;1;3;9;3;1;2;2;3;2; 
5;5;3;5;4;3;1;7;2;2;2;3;2; 
240;5;2;10;1;2;8;4;1;2;2;3;2; 
60;3;3;5;3;2;10;1;2;2;2;3;2; 
1;3;3;7;4;3;4;5;2;2;2;3;2; 
15;5;3;2;4;1;5;5;6;2;2;3;2; 
30;3;3;5;5;1;0;6;1;2;2;3;2; 
50;5;2;5;5;2;7;4;6;2;2;3;2; 
30;5;3;0;4;2;5;5;2;2;2;3;2; 
150;5;1;3;3;2;4;6;6;2;2;3;2; 
60;4;2;7;4;2;2;6;1;2;2;3;2; 
15;5;2;7;2;2;5;4;2;2;2;3;2; 
30;4;3;5;2;2;6;4;6;2;2;3;2; 
255;5;3;1;1;2;5;5;2;2;2;3;2; 
90;5;2;10;3;4;3;7;1;2;2;3;2; 
9999;5;4;10;5;3;10;3;2;2;2;3;2; 
120;5;2;5;3;3;3;6;9;2;2;3;2; 
120;5;2;5;1;2;0;7;2;2;2;3;2; 
30;5;2;7;3;2;6;5;2;2;2;3;2; 
10;5;4;6;2;1;6;4;2;2;2;4;2; 
30;5;3;5;2;2;7;5;2;2;2;4;2; 
60;3;2;5;2;3;2;6;2;2;2;4;2; 
60;5;3;6;3;3;3;4;6;2;2;4;2; 
40;5;2;7;3;2;0;7;2;2;2;4;2; 
165;5;2;5;4;2;0;7;2;2;2;4;2; 
150;5;2;10;2;3;5;5;2;2;2;4;2; 
60;1;3;0;1;2;5;6;2;2;2;4;2; 
60;5;3;10;2;2;7;3;2;2;2;4;2; 
10;5;2;5;2;1;3;7;1;2;2;4;2; 
30;5;3;5;1;1;8;3;2;2;2;4;2; 
90;4;2;4;1;3;3;6;1;2;2;4;2; 
30;5;3;5;2;3;7;3;1;2;2;4;2; 
15;5;3;5;1;2;5;6;1;2;2;4;2; 
10;5;3;5;3;3;5;5;2;2;2;4;2; 
300;5;2;8;2;4;99;5;2;2;2;4;2; 
30;5;4;3;9;1;0;7;2;2;2;4;2; 
60;5;3;3;4;2;5;5;2;2;2;4;2; 
60;4;2;2;3;3;3;4;2;2;2;4;2; 
60;5;2;3;2;2;0;7;1;2;2;4;2; 
120;4;2;3;4;1;5;5;1;2;2;4;2; 
30;5;2;6;2;2;1;5;1;2;2;4;2; 
145;5;2;4;1;2;5;5;2;2;2;4;2; 
75;5;4;5;3;2;1;7;6;2;2;4;2; 
65;5;1;9;3;2;7;3;2;2;2;4;2; 
15;5;4;5;4;2;3;6;6;2;3;5;2; 
30;5;2;7;3;1;9;3;1;2;3;5;2; 
60;5;1;5;4;1;8;3;1;2;3;5;2; 
20;9;3;9;2;2;9;2;2;2;3;5;2; 
120;3;2;4;4;2;1;7;2;2;3;5;2; 
45;5;2;7;4;1;6;6;1;2;3;5;2; 
60;5;2;4;2;1;7;4;1;2;3;6;2; 
150;5;2;7;2;1;6;3;2;2;3;6;2; 
20;2;3;10;1;2;10;1;2;2;3;6;2; 
60;5;3;6;2;2;8;4;2;2;3;6;2; 
15;5;3;8;4;2;0;6;1;2;3;6;2; 
60;3;3;5;2;2;7;2;2;2;3;6;2; 
120;4;3;6;2;2;4;5;2;2;3;6;2; 
15;5;4;5;3;2;8;5;1;2;3;6;2; 
9999;5;4;10;3;1;4;7;2;2;3;6;2; 
60;5;3;5;2;3;8;5;1;2;3;6;2; 
30;5;4;3;3;2;2;5;6;2;3;6;2; 
60;1;2;8;2;4;7;3;2;2; ; ;2; 
105;5;3;5;3;2;8;3;2;2; ; ;2; 
150;3;3;5;4;4;2;3;2;2;1;1;2; 
60;9;2;0;1;2;3;6;1;2;1;1;2; 
10;5;2;4;5;2;3;5;2;2;1;1;2; 
60;5;3;5;3;2;0;7;2;2;1;1;2; 
60;5;3;5;4;2;8;3;2;2;1;1;2; 
150;4;2;8;2;3;5;3;2;2;1;1;2; 
30;5;1;3;5;3;0;7;2;2;1;1;2; 
15;3;4;5;3;3;3;6;2;2;1;1;2; 
105;5;3;8;2;3;5;6;6;2;1;1;2; 
9999;2;3;5;3;3;4;3;2;2;1;1;2; 
90;5;3;7;2;1;6;5;2;2;1;1;2; 
50;5;4;5;4;3;3;5;2;2;1;1;2; 
60;5;2;3;3;2;5;4;2;2;1;1;2; 
15;5;3;9;4;3;4;3;2;2;1;1;2; 
30;4;3;7;1;2;7;3;2;2;1;1;2; 
60;5;2;6;4;2;6;3;2;2;1;1;2; 
120;1;2;2;2;3;4;5;2;2;1;1;2; 
9999;5;4;4;4;1;6;4;2;2;1;1;2; 
20;5;2;2;4;3;8;3;2;2;1;1;2; 
20;5;2;7;1;1;1;4;2;2;1;1;2; 
90;5;3;5;3;2;5;4;2;2;1;1;2; 
20;5;3;6;4;2;5;5;2;2;1;1;2; 
330;5;3;1;2;3;6;3;2;2;1;1;2; 
20;5;3;99;3;3;5;5;2;2;1;1;2; 
10;5;3;99;3;2;10;2;2;2;1;1;2; 
240;1;3;8;2;3;5;3;2;2;1;1;2; 
90;5;1;0;1;3;5;5;6;2;1;1;2; 
150;1;2;8;2;3;6;5;2;2;1;1;2; 
30;5;3;5;4;3;2;5;2;2;1;1;2; 
30;5;4;5;2;1;2;6;1;2;1;1;2; 
20;5;3;0;3;3;1;7;2;2;1;1;2; 
30;5;3;3;3;2;0;7;2;2;1;1;2; 
30;5;2;10;4;1;3;5;2;2;1;1;2; 
20;5;3;5;3;3;0;7;2;2;1;1;2; 
15;5;4;99;2;2;2;5;2;2;1;1;2; 
9999;1;3;99;1;3;99;99;2;2;1;1;2; 
120;1;3;10;3;2;10;3;2;2;1;1;2; 
60;1;3;99;3;4;3;6;2;2;1;1;2; 
340;2;2;5;2;3;5;6;2;2;1;1;2; 
60;5;3;99;3;4;3;5;2;2;1;1;2; 
180;5;2;0;1;4;2;3;2;2;1;1;2; 
40;5;3;0;2;2;7;5;1;2;1;2;2; 
120;5;2;5;4;3;6;2;2;2;1;2;2; 
10;5;4;5;3;2;5;6;6;2;1;2;2; 
60;5;2;10;1;2;10;5;2;2;1;2;2; 
30;5;4;4;3;3;3;6;2;2;1;2;2; 
120;1;2;7;1;3;8;3;2;2;1;2;2; 
120;4;1;2;4;3;1;6;2;2;1;2;2; 
90;2;3;6;4;3;8;2;2;2;1;2;2; 
210;1;3;10;2;3;10;1;2;2;1;2;2; 
75;2;3;6;2;3;4;4;2;2;1;2;2; 
60;1;2;9;2;4;8;4;2;2;1;2;2; 
260;1;1;0;1;2;10;5;2;2;1;2;2; 
60;5;2;10;1;2;10;3;2;2;1;2;2; 
160;5;2;6;1;2;8;3;2;2;1;2;2; 
90;5;3;5;2;3;2;6;2;2;1;2;2; 
30;4;3;9;3;2;8;3;2;2;1;2;2; 
30;2;4;5;2;4;2;6;2;2;1;2;2; 
60;5;3;5;2;3;9;3;2;2;1;2;2; 
120;1;2;5;9;3;5;4;2;2;1;2;2; 
90;3;3;4;2;2;7;3;2;2;1;2;2; 
120;5;3;10;1;3;10;4;1;2;1;2;2; 
300;1;2;10;1;3;99;4;2;2;1;2;2; 
60;1;3;5;2;2;5;3;2;2;1;2;2; 
10;4;3;5;2;2;4;5;2;2;1;2;2; 
20;1;3;10;1;3;9;2;2;2;1;2;2; 
300;2;2;7;2;3;5;5;2;2;1;2;2; 
120;3;3;10;2;2;5;3;2;2;1;2;2; 
90;5;3;99;2;2;7;5;1;2;1;2;2; 
120;5;2;10;1;2;10;4;2;2;1;2;2; 
150;1;2;10;2;3;8;5;2;2;1;2;2; 
90;5;2;6;1;2;8;4;2;2;1;2;2; 
150;1;2;10;2;2;3;3;2;2;1;2;2; 
30;2;3;0;1;2;9;3;2;2;1;2;2; 
40;1;2;9;2;2;8;3;2;2;1;2;2; 
60;4;3;8;2;3;10;3;2;2;1;2;2; 
110;1;3;5;2;3;3;6;2;2;1;2;2; 
150;2;3;10;2;2;10;3;2;2;1;2;2; 
490;5;2;2;3;3;6;3;2;2;1;2;2; 
60;5;3;6;1;3;99;5;2;2;1;2;2; 
120;5;3;5;4;2;3;5;2;2;1;2;2; 
70;2;3;10;1;3;7;2;2;2;1;2;2; 
230;2;3;4;1;2;8;3;2;2;1;2;2; 
30;1;4;8;2;4;9;2;2;2;1;2;2; 
90;5;3;8;2;2;5;4;2;2;1;2;2; 
60;4;2;2;4;3;10;2;2;2;1;2;2; 
180;2;3;10;1;4;10;5;2;2;1;2;2; 
20;1;4;2;3;4;9;2;1;2;1;2;2; 
120;2;3;5;2;2;5;3;2;2;1;2;2; 
15;5;2;5;2;2;99;3;2;2;1;2;2; 
60;5;2;5;4;3;99;4;2;2;1;2;2; 
30;5;3;10;2;3;6;3;1;2;1;2;2; 
120;1;1;10;1;2;10;3;2;2;1;2;2; 
60;3;2;5;2;3;3;6;2;2;1;2;2; 
60;2;3;5;3;3;5;4;2;2;1;2;2; 
120;3;4;5;3;3;1;7;2;2;1;2;2; 
180;5;2;10;2;3;10;4;2;2;1;2;2; 
60;5;2;4;2;3;4;6;2;2;1;2;2; 
60;3;2;10;3;3;9;3;2;2;1;2;2; 
15;1;3;7;1;2;5;5;2;2;1;2;2; 
150;5;2;3;1;2;3;6;2;2;1;2;2; 
60;5;2;7;2;2;8;4;2;2;1;2;2; 
140;5;3;5;4;2;6;5;2;2;1;2;2; 
270;2;2;0;4;4;0;7;2;2;1;2;2; 
9999;9;9;10;4;3;10;3;2;2;1;2;2; 
110;2;2;5;3;3;9;3;2;2;1;2;2; 
390;2;2;6;2;3;8;4;2;2;1;2;2; 
150;2;2;10;2;2;8;5;2;2;1;2;2; 
45;5;2;8;3;2;8;3;2;2;1;2;2; 
60;3;2;3;2;3;99;4;2;2;1;2;2; 
80;2;2;5;3;2;8;3;2;2;1;2;2; 
60;1;3;5;3;2;5;5;2;2;1;2;2; 
230;5;2;0;2;3;3;4;2;2;1;2;2; 
120;5;2;7;3;2;8;3;2;2;1;2;2; 
120;1;1;0;4;3;10;5;2;2;1;2;2; 
360;4;1;3;3;4;0;7;2;2;1;2;2; 
120;5;2;5;4;2;3;6;2;2;1;2;2; 
30;2;2;5;2;3;3;5;2;2;1;2;2; 
150;9;1;10;2;3;10;2;2;2;1;2;2; 
60;4;2;8;2;2;5;6;2;2;1;2;2; 
90;2;3;0;1;4;10;5;2;2;1;2;2; 
120;1;3;5;4;2;7;3;2;2;2;3;2; 
120;5;1;4;2;2;8;3;2;2;2;3;2; 
60;5;3;5;2;2;7;4;1;2;2;3;2; 
90;9;3;5;1;3;9;3;2;2;2;3;2; 
15;2;3;5;1;3;7;4;2;2;2;3;2; 
60;5;3;6;2;3;7;3;1;2;2;3;2; 
120;4;4;5;4;3;6;4;2;2;2;3;2; 
120;5;2;99;4;2;10;6;2;2;2;3;2; 
300;1;1;0;1;3;5;5;2;2;2;3;2; 
40;5;2;5;4;4;1;7;2;2;2;3;2; 
220;5;1;10;2;3;99;3;2;2;2;3;2; 
20;5;3;5;3;4;5;3;2;2;2;3;2; 
20;3;3;3;2;2;1;6;2;2;2;3;2; 
10;4;3;9;2;3;6;2;1;2;2;3;2; 
120;5;2;5;3;3;6;4;2;2;2;3;2; 
60;2;3;4;2;3;5;4;2;2;2;3;2; 
30;4;3;5;5;2;0;6;2;2;2;3;2; 
10;5;4;99;3;1;6;4;2;2;2;3;2; 
60;3;2;3;3;3;5;5;2;2;2;3;2; 
180;5;2;5;1;2;10;3;2;2;2;3;2; 
150;5;2;3;2;2;3;5;2;2;2;3;2; 
90;5;1;4;4;1;3;3;1;2;2;3;2; 
150;5;1;10;2;2;10;3;2;2;2;3;2; 
15;5;3;8;2;2;4;5;1;2;2;3;2; 
180;1;1;10;1;3;9;3;2;2;2;3;2; 
120;1;2;5;2;2;5;5;2;2;2;3;2; 
150;5;1;10;1;3;10;3;2;2;2;3;2; 
60;5;2;5;2;2;5;6;2;2;2;3;2; 
120;5;3;2;3;3;0;7;2;2;2;3;2; 
40;5;3;2;3;2;2;7;2;2;2;3;2; 
15;5;3;6;4;3;5;3;2;2;2;3;2; 
60;5;3;4;3;1;2;5;2;2;2;3;2; 
20;4;3;3;5;2;8;2;2;2;2;3;2; 
360;3;2;4;3;2;4;6;2;2;2;3;2; 
60;5;3;5;2;3;2;6;2;2;2;3;2; 
300;5;1;6;5;3;3;7;6;2;2;3;2; 
40;5;2;0;5;3;0;5;2;2;2;3;2; 
10;5;3;5;3;3;10;3;2;2;2;3;2; 
210;4;2;0;3;2;3;5;2;2;2;3;2; 
15;5;3;2;2;3;5;5;2;2;2;3;2; 
20;9;3;5;3;2;0;7;2;2;2;3;2; 
30;5;3;5;3;2;5;5;2;2;2;3;2; 
9999;5;4;5;3;3;6;5;1;2;2;3;2; 
30;5;2;5;4;2;2;7;6;2;2;3;2; 
90;5;2;5;5;1;0;5;2;2;2;3;2; 
15;5;3;4;2;5;10;2;2;2;2;3;2; 
120;2;2;5;4;3;6;4;2;2;2;3;2; 
30;5;2;3;2;2;0;7;2;2;2;3;2; 
15;5;2;8;4;2;4;6;1;2;2;3;2; 
90;4;3;0;1;2;6;5;1;2;2;3;2; 
30;3;3;99;1;3;5;2;2;2;2;3;2; 
40;5;2;5;4;3;3;5;2;2;2;3;2; 
120;5;2;5;3;3;3;7;2;2;2;3;2; 
240;5;2;5;2;2;5;5;2;2;2;3;2; 
60;3;3;3;4;2;5;4;2;2;2;3;2; 
30;5;3;8;2;2;5;3;2;2;2;3;2; 
30;5;2;5;4;2;3;5;1;2;2;3;2; 
30;4;3;7;3;3;7;5;2;2;2;3;2; 
90;5;3;99;2;3;6;4;2;2;2;3;2; 
20;5;3;0;4;3;1;7;2;2;2;3;2; 
240;5;1;7;2;3;7;1;2;2;2;3;2; 
40;5;3;7;2;1;4;5;2;2;2;3;2; 
120;4;2;8;2;2;9;2;2;2;2;3;2; 
60;5;2;4;4;2;5;3;2;2;2;3;2; 
60;5;2;3;4;2;0;7;2;2;2;3;2; 
119;5;2;5;3;2;6;3;2;2;2;3;2; 
2;5;4;5;3;4;1;7;2;2;2;3;2; 
90;1;2;2;2;2;0;6;2;2;2;3;2; 
300;5;2;1;4;2;2;7;1;2;2;3;2; 
5;5;3;5;3;2;7;3;2;2;2;3;2; 
150;3;2;10;4;3;2;6;2;2;2;3;2; 
20;5;3;99;1;2;3;5;1;2;2;3;2; 
30;5;4;5;1;3;2;5;2;2;2;3;2; 
90;2;3;5;2;3;5;5;2;2;2;3;2; 
170;5;2;5;2;3;8;3;9;2;2;3;2; 
210;5;1;10;2;1;8;3;2;2;2;3;2; 
15;4;4;7;3;2;6;3;2;2;2;3;2; 
9999;1;3;7;2;2;9;3;2;2;2;3;2; 
20;5;2;5;1;1;8;5;2;2;2;3;2; 
60;5;2;0;2;3;5;3;2;2;2;3;2; 
90;3;3;3;2;3;5;5;2;2;2;3;2; 
60;5;3;9;2;1;10;3;1;2;2;3;2; 
120;5;2;5;1;3;8;3;2;2;2;3;2; 
10;5;4;10;2;3;7;6;2;2;2;3;2; 
9999;5;3;5;2;3;6;5;1;2;2;3;2; 
150;4;4;6;2;2;9;6;6;2;2;3;2; 
150;4;2;0;1;2;10;5;2;2;2;3;2; 
210;5;1;10;2;3;8;3;2;2;2;3;2; 
100;4;3;4;3;3;3;6;2;2;2;3;2; 
30;5;3;5;2;4;8;2;2;2;2;3;2; 
30;5;3;5;1;2;5;6;2;2;2;3;2; 
60;5;3;6;2;3;5;5;6;2;2;3;2; 
45;5;3;10;2;2;5;5;2;2;2;4;2; 
180;5;2;6;2;2;5;5;2;2;2;4;2; 
105;5;2;5;3;3;4;6;2;2;2;4;2; 
60;1;3;5;4;5;0;7;1;2;2;4;2; 
120;5;2;5;2;3;3;6;9;2;2;4;2; 
30;5;3;4;4;2;8;5;1;2;2;4;2; 
300;5;1;4;1;2;10;3;2;2;2;4;2; 
9999;5;2;99;9;2;99;5;1;2;2;4;2; 
120;4;2;1;3;3;8;3;2;2;2;4;2; 
150;4;2;2;1;2;2;5;2;2;2;4;2; 
30;3;3;4;2;2;6;4;2;2;2;4;2; 
30;5;4;6;3;3;3;5;2;2;2;4;2; 
120;2;2;0;2;3;5;4;2;2;2;4;2; 
180;9;2;1;1;3;8;5;2;2;2;4;2; 
20;5;2;8;1;4;0;6;2;2;2;4;2; 
60;5;2;7;1;3;6;5;2;2;2;4;2; 
60;2;3;3;3;3;0;7;2;2;2;4;2; 
10;5;4;5;4;4;1;5;2;2;2;4;2; 
90;5;3;5;1;2;10;2;2;2;2;4;2; 
120;5;2;4;2;2;7;7;2;2;2;4;2; 
60;5;3;5;2;3;5;3;2;2;2;4;2; 
30;5;3;4;4;3;3;7;2;2;2;4;2; 
40;5;3;5;2;2;5;5;2;2;2;4;2; 
100;5;1;7;1;2;8;3;2;2;2;4;2; 
120;5;2;5;3;3;9;3;2;2;2;4;2; 
30;4;3;3;4;2;0;6;1;2;2;4;2; 
150;3;2;2;1;2;5;5;2;2;2;4;2; 
150;5;3;5;3;3;6;4;1;2;2;4;2; 
90;5;2;7;2;2;99;3;2;2;2;4;2; 
60;5;3;5;1;2;4;6;1;2;2;4;2; 
180;5;1;5;3;3;2;7;2;2;2;4;2; 
30;3;3;5;2;4;7;4;1;2;2;4;2; 
165;2;2;7;2;2;10;1;2;2;2;4;2; 
120;5;2;10;1;2;5;6;2;2;2;4;2; 
120;1;2;8;2;3;7;3;2;2;2;4;2; 
9999;5;3;7;3;2;5;4;6;2;2;4;2; 
60;5;3;10;1;2;9;3;2;2;2;4;2; 
300;4;1;5;1;1;5;5;1;2;2;4;2; 
90;5;3;7;2;3;8;4;1;2;2;4;2; 
60;1;3;10;1;3;7;3;2;2;2;4;2; 
5;5;3;3;4;1;1;7;2;2;2;4;2; 
210;5;3;7;2;2;2;5;2;2;2;4;2; 
40;3;3;10;2;2;5;5;2;2;2;4;2; 
750;2;1;10;2;3;8;3;1;2;2;4;2; 
210;5;1;4;3;4;6;3;2;2;2;4;2; 
40;5;3;10;3;4;10;3;2;2;2;4;2; 
60;5;2;0;2;2;7;3;2;2;2;4;2; 
30;3;3;99;3;2;8;4;2;2;2;4;2; 
150;5;2;0;2;4;0;7;2;2;2;4;2; 
15;5;3;10;2;3;7;3;2;2;2;4;2; 
120;3;3;3;3;1;5;4;2;2;2;4;2; 
20;5;3;5;4;3;3;5;1;2;2;4;2; 
5;4;3;5;2;1;1;5;6;2;2;4;2; 
150;5;3;5;2;1;2;6;2;2;2;4;2; 
30;5;3;8;3;2;2;5;1;2;2;4;2; 
60;4;3;8;2;2;8;3;2;2;2;4;2; 
90;5;2;8;1;2;99;5;2;2;2;4;2; 
90;5;2;3;2;2;8;2;2;2;2;4;2; 
120;2;2;0;5;2;0;7;2;2;2;4;2; 
120;5;2;99;3;3;8;2;2;2;2;4;2; 
60;5;2;10;1;3;5;3;2;2;2;4;2; 
360;1;2;10;1;4;10;2;2;2;2;4;2; 
180;1;3;5;2;3;5;3;2;2;2;4;2; 
60;5;2;5;1;1;10;4;1;2;2;4;2; 
240;2;2;99;3;3;6;6;2;2;2;4;2; 
90;5;2;10;2;1;10;3;2;2;2;4;2; 
60;5;2;7;2;2;6;4;2;2;2;4;2; 
30;1;4;10;1;3;9;2;2;2;2;4;2; 
15;5;4;7;2;3;7;5;2;2;2;4;2; 
240;5;1;4;2;2;2;7;2;2;2;4;2; 
30;3;3;0;2;3;5;4;2;2;2;4;2; 
300;5;2;2;2;2;4;5;2;2;2;4;2; 
90;1;2;0;3;2;0;6;2;2;2;4;2; 
60;4;4;0;1;2;5;5;2;2;2;4;2; 
150;5;2;99;2;3;1;99;2;2;2;4;2; 
90;5;3;8;5;2;3;4;2;2;2;4;2; 
90;3;2;10;2;3;6;3;2;2;2;4;2; 
120;5;2;5;3;2;5;5;1;2;2;4;2; 
210;5;1;0;1;3;4;3;2;2;2;4;2; 
840;5;3;0;2;3;7;5;2;2;2;4;2; 
420;5;2;8;2;2;7;3;2;2;2;4;2; 
120;5;2;5;2;3;8;4;2;2;2;4;2; 
180;5;2;3;2;3;10;3;2;2;2;4;2; 
30;3;4;5;2;2;6;5;2;2;2;4;2; 
10;5;4;7;3;1;7;5;2;2;2;4;2; 
50;5;3;99;2;2;10;2;2;2;2;4;2; 
150;4;2;8;2;2;9;3;2;2;2;4;2; 
20;5;3;5;2;2;8;5;2;2;2;4;2; 
210;5;3;0;1;2;2;5;2;2;2;4;2; 
30;5;3;10;1;5;8;3;2;2;2;4;2; 
150;2;2;10;2;3;7;4;2;2;2;4;2; 
60;5;2;5;2;3;0;5;2;2;2;4;2; 
120;5;2;0;4;3;0;7;1;2;2;4;2; 
240;5;2;4;2;3;0;7;9;2;2;4;2; 
30;5;3;8;3;3;7;3;2;2;2;4;2; 
110;3;2;9;1;3;9;2;2;2;2;4;2; 
25;3;2;10;1;2;9;3;2;2;2;4;2; 
210;3;1;4;2;2;3;6;2;2;2;4;2; 
120;5;3;10;2;2;9;3;2;2;2;4;2; 
340;2;1;10;2;2;5;4;6;2;2;4;2; 
90;5;2;9;2;2;8;3;6;2;2;4;2; 
30;5;3;7;3;3;8;2;2;2;3;5;2; 
120;4;2;5;2;2;3;6;2;2;3;5;2; 
60;5;4;5;2;2;2;5;1;2;3;5;2; 
360;5;3;7;4;3;4;6;2;2;3;5;2; 
30;5;2;5;3;3;2;5;1;2;3;5;2; 
30;5;2;3;4;2;6;3;2;2;3;5;2; 
120;5;2;3;1;2;5;5;6;2;3;5;2; 
70;3;2;0;2;2;2;5;2;2;3;5;2; 
60;3;3;10;1;3;9;3;2;2;3;5;2; 
30;5;2;5;3;2;2;6;2;2;3;5;2; 
30;5;3;4;3;2;99;4;1;2;3;5;2; 
120;3;2;3;2;3;99;5;2;2;3;5;2; 
140;5;1;7;4;2;3;5;2;2;3;5;2; 
30;5;4;4;3;3;6;3;2;2;3;5;2; 
50;5;2;0;1;3;5;4;2;2;3;5;2; 
30;5;3;7;5;3;0;7;2;2;3;5;2; 
60;5;1;10;1;1;2;6;2;2;3;5;2; 
140;3;2;5;3;3;1;6;1;2;3;5;2; 
50;3;3;6;3;2;8;1;2;2;3;5;2; 
120;4;3;5;4;2;6;5;1;2;3;5;2; 
30;5;3;8;4;2;8;3;1;2;3;5;2; 
180;2;2;0;3;2;2;6;2;2;3;5;2; 
360;5;2;10;2;3;0;7;2;2;3;5;2; 
90;2;1;4;4;3;7;3;2;2;3;5;2; 
60;4;3;99;3;2;2;7;1;2;3;5;2; 
60;2;4;99;5;2;3;5;2;2;3;5;2; 
70;4;3;10;1;2;0;5;2;2;3;5;2; 
60;4;2;10;1;2;8;3;2;2;3;5;2; 
20;5;3;5;3;1;1;7;1;2;3;5;2; 
60;5;3;6;2;3;8;3;2;2;3;5;2; 
60;5;3;5;3;3;6;4;2;2;3;5;2; 
90;5;2;4;3;3;6;7;1;2;3;5;2; 
60;5;2;0;3;4;5;4;2;2;3;5;2; 
180;5;3;5;3;2;0;7;2;2;3;5;2; 
120;3;2;8;1;2;6;3;2;2;3;5;2; 
120;5;2;4;3;2;3;6;2;2;3;5;2; 
120;5;2;7;3;2;8;3;2;2;3;5;2; 
10;5;3;5;2;1;4;5;1;2;3;5;2; 
30;4;3;5;3;2;5;4;1;2;3;5;2; 
60;5;3;7;4;2;7;3;2;2;3;5;2; 
240;5;1;0;4;2;5;6;2;2;3;5;2; 
180;5;3;6;3;2;5;3;2;2;3;5;2; 
10;5;3;7;2;3;3;4;2;2;3;5;2; 
60;5;2;3;3;2;1;7;1;2;3;6;2; 
170;5;1;9;3;2;3;6;1;2;3;6;2; 
120;5;3;4;4;3;99;99;2;2;3;6;2; 
90;5;2;5;2;2;6;4;1;2;3;6;2; 
150;2;2;10;1;2;9;3;2;2;3;6;2; 
120;9;2;9;2;3;9;2;2;2;3;6;2; 
150;5;1;3;3;3;6;7;2;2;3;6;2; 
120;5;2;3;4;3;0;7;6;2;3;6;2; 
30;5;3;4;2;2;6;3;2;2;3;6;2; 
60;5;2;0;5;1;0;7;1;2;3;6;2; 
60;4;3;5;3;2;8;5;6;2;3;6;2; 
150;2;2;4;4;3;0;7;2;2;3;6;2; 
10;5;3;0;3;2;1;7;2;2;3;6;2; 
120;5;2;7;3;3;7;4;2;2;3;6;2; 
150;5;2;3;1;2;3;7;2;2;3;6;2; 
140;2;2;10;2;2;10;2;2;2;3;6;2; 
30;5;2;3;2;2;2;6;1;2;3;6;2; 
180;5;2;5;4;2;2;5;2;2;3;6;2; 
120;5;3;9;1;2;9;3;2;2;3;6;2; 
60;5;3;5;2;2;5;6;2;2;3;6;2; 
210;2;2;5;3;2;5;5;2;2;3;6;2; 
60;5;2;7;4;2;5;5;2;2;3;6;2; 
120;5;1;5;1;3;3;6;2;2;3;6;2; 
150;5;2;7;3;2;1;6;2;2;3;6;2; 
15;5;3;5;2;2;0;7;2;2;3;6;2; 
30;4;3;10;1;2;9;1;2;2;3;6;2; 
20;5;3;5;4;2;0;7;6;2;3;6;2; 
30;3;2;2;3;2;5;5;2;2;3;6;2; 
345;2;2;4;2;4;1;7;2;2;3;6;2; 
20;5;3;5;2;1;8;4;1;2;3;6;2; 
150;4;3;0;2;2;1;6;1;2;3;6;2; 
60;5;3;3;4;2;7;6;1;2;3;6;2; 
120;5;2;4;1;3;1;6;2;2;3;6;2; 
85;5;2;8;1;2;5;5;1;2;3;6;2; 
180;4;2;2;2;2;8;3;1;2;3;6;2; 
110;5;2;2;4;3;1;6;2;2;3;6;2; 
20;5;3;5;3;2;6;5;1;2;3;6;2; 
70;5;3;3;3;2;6;6;2;2;3;6;2; 
45;5;2;4;2;2;0;7;2;2;3;6;2; 
150;5;2;10;4;2;5;3;2;2;3;6;2; 
90;5;2;7;2;3;10;3;2;2;3;6;2; 
60;5;3;5;2;3;5;99;2;2;3;6;2; 
180;5;3;5;2;4;2;7;2;2;3;6;2; 
30;5;3;5;2;3;3;6;1;2;3;6;2; 
150;5;1;3;4;3;5;6;2;2;3;6;2; 
90;5;2;0;3;2;2;5;1;2;3;6;2; 
230;5;1;1;5;1;0;7;2;2;3;6;2; 
240;5;2;10;4;1;8;3;2;2;3;6;2; 
30;5;2;8;2;2;0;7;2;2;3;6;2; 
30;4;2;3;3;3;3;5;2;2;3;6;2; 
60;5;3;7;2;2;6;4;1;2;3;6;2; 
120;5;2;7;3;2;8;3;2;2;3;6;2; 
60;4;2;7;3;3;3;7;2;2;3;6;2; 
90;5;3;1;2;2;7;3;2;2;3;6;2; 
30;5;2;3;4;3;1;6;2;2;3;6;2; 
40;5;2;4;4;2;4;5;1;2;3;6;2; 
60;5;2;4;3;2;4;5;1;2;3;6;2; 
30;5;2;5;2;3;8;4;2;2;3;6;2; 
90;4;2;10;1;2;7;1;2;2;3;6;2; 
80;5;2;2;2;2;5;5;2;2;3;6;2; 
90;5;2;5;3;2;5;4;2;2;3;6;2; 
75;5;1;5;2;2;7;5;2;2;3;6;2; 
210;5;2;2;4;2;5;5;2;2;3;6;2; 
120;5;3;4;2;2;2;6;1;2;3;6;2; 
60;2;4;5;1;3;8;3;2;2;3;6;2; 
90;2;3;9;2;2;7;4;1;2;3;6;2; 
120;5;2;9;2;2;8;4;2;2;3;6;2; 
270;5;2;10;1;2;10;3;2;2;3;6;2; 
90;4;4;5;2;2;3;5;2;2;3;6;2; 
60;4;1;9;3;2;99;5;2;2;3;6;2; 
120;5;1;10;2;2;10;2;2;2;3;6;2; 
60;5;2;4;2;1;8;6;6;2;3;6;2; 
240;5;3;99;3;4;5;4;2;2;3;6;2; 
360;5;1;0;5;2;0;7;2;2;3;6;2; 
240;5;2;10;1;2;8;3;2;2;3;6;2; 
9999;5;1;7;1;2;0;7;2;2;3;6;2; 
25;5;3;4;4;3;5;6;2;2;3;6;2; 
60;3;3;5;2;2;7;3;6;2;3;6;2; 
20;5;2;1;4;2;0;7;1;2;3;6;2; 
120;4;2;2;3;2;0;7;6;2;3;6;2; 
120;5;3;6;2;2;7;3;2;2;3;6;2; 
60;5;2;4;4;2;9;6;2;2;3;6;2; 
30;5;3;7;3;2;4;4;2;2;3;6;2; 
10;5;3;5;4;2;7;3;2;2;3;6;2; 
150;5;1;0;5;2;1;7;2;2;3;6;2; 
20;4;4;3;4;2;2;5;1;2;3;6;2; 
15;3;4;5;4;3;4;6;1;2;3;6;2; 
90;4;2;4;2;2;5;4;1;2;3;6;2; 
60;4;3;5;3;2;5;5;1;2;3;6;2; 
120;5;1;5;4;2;4;4;1;2;3;6;2; 
9999;4;3;7;4;2;8;2;1;2;3;6;2; 
25;4;3;6;3;3;7;3;1;2;3;6;2; 
60;9;3;10;1;3;10;1;9;2;3;6;2; 
90;5;2;7;2;2;7;6;2;2;3;6;2; 
45;5;2;7;2;3;6;3;2;2;3;6;2; 
60;5;3;2;3;4;7;6;6;2;3;6;2; 
180;5;2;99;1;3;6;6;1;2;3;6;2; 
5;5;3;9;4;1;0;6;2;2;3;6;2; 
20;5;2;2;4;2;5;5;1;2;3;6;2; 
90;5;2;5;5;2;2;5;1;2;3;6;2; 
160;5;3;8;1;3;8;3;2;2;3;6;2; 
10;5;3;5;3;2;1;7;2;2;3;6;2; 
90;5;1;9;5;2;6;3;2;2;3;6;2; 
120;5;1;9;4;2;4;5;1;2;3;6;2; 
120;5;2;5;2;2;2;5;1;2;3;6;2; 
60;5;3;8;4;2;7;3;2;2;3;6;2; 
90;5;2;6;5;3;3;99;1;2;3;6;2; 
5;5;3;4;3;3;3;6;1;2;3;6;2; 
20;5;3;3;2;3;1;6;2;2;3;6;2; 
60;5;2;3;2;2;3;3;1;2;3;6;2; 
60;4;2;10;1;3;10;1;2;2;3;6;2; 
60;4;2;8;2;2;7;2;2;2;3;6;2; 
600;1;3;10;1;2;10;1;9;9; ; ;2; 
15;5;3;5;2;1;6;7;9;9; ; ;2; 
120;4;3;10;1;2;8;3;9;9;1;1;2; 
20;5;3;0;1;4;10;99;9;9;1;1;2; 
70;5;3;8;1;2;6;5;9;9;1;2;2; 
120;9;2;10;2;3;5;5;9;9;1;2;2; 
300;2;1;0;3;3;99;5;1;9;1;2;2; 
30;5;3;0;2;2;0;7;6;9;2;3;2; 
120;5;1;0;2;3;5;4;9;9;2;3;2; 
60;5;3;5;2;2;7;4;2;9;2;4;2; 
20;5;2;3;3;3;3;7;2;9;3;6;2; 
9999;3;3;5;3;2;5;3;9;9;3;6;2; 
300;5;3;6;4;3;0;6;2;2;1;2;1; 
60;5;2;0;3;2;1;7;2;2;1;2;1; 
150;5;2;3;4;3;5;7;6;2;1;2;1; 
30;5;3;5;1;2;6;3;2;2;1;2;1; 
10;3;3;10;4;2;3;5;2;2;1;2;1; 
15;5;3;7;4;2;7;5;6;2;2;3;1; 
60;5;3;6;1;1;5;3;1;2;2;3;1; 
180;5;1;6;3;2;0;7;1;2;2;3;1; 
45;5;3;5;1;2;9;3;1;2;2;3;1; 
10;5;2;10;4;1;2;5;6;2;2;3;1; 
30;5;1;8;1;3;10;2;6;2;2;3;1; 
20;5;3;7;4;4;2;7;2;2;2;3;1; 
120;5;2;10;3;2;5;5;1;2;2;3;1; 
60;5;4;5;3;4;1;7;1;2;2;3;1; 
30;5;2;10;5;3;8;5;6;2;2;3;1; 
120;5;4;2;3;3;5;7;2;2;2;4;1; 
10;5;3;5;3;2;0;7;2;2;2;4;1; 
60;5;3;5;4;3;1;7;6;2;2;4;1; 
90;4;2;99;9;3;7;1;2;2;2;4;1; 
50;5;3;5;3;2;6;5;1;2;2;4;1; 
150;5;2;5;3;2;2;5;6;2;2;4;1; 
30;3;2;5;4;2;5;5;2;2;2;4;1; 
120;5;3;99;3;3;3;6;6;2;2;4;1; 
120;5;3;5;3;2;0;7;2;2;2;4;1; 
45;4;2;8;2;2;99;5;1;2;2;4;1; 
90;5;3;5;5;2;8;3;6;2;3;5;1; 
60;3;3;5;1;1;5;6;1;2;3;5;1; 
20;5;2;7;3;3;2;3;2;2;3;5;1; 
2;5;4;5;3;1;0;5;1;2;3;5;1; 
60;5;3;5;2;2;6;5;1;2;3;5;1; 
9999;5;3;5;5;2;0;7;6;2;3;5;1; 
150;3;1;8;2;2;6;3;2;2;3;5;1; 
250;5;2;6;3;2;6;3;2;2;3;6;1; 
180;5;3;10;1;4;8;3;2;2;3;6;1; 
30;5;2;10;4;1;5;3;2;2;3;6;1; 
3;5;3;0;5;2;5;4;6;2;3;6;1; 
150;5;1;8;2;2;7;6;1;2;3;6;1; 
60;5;3;8;3;2;9;3;2;2;3;6;1; 
60;5;2;2;4;1;3;5;6;2;3;6;1; 
20;5;3;5;4;2;1;7;6;2;3;6;1; 
15;5;2;5;2;2;3;5;1;2;3;6;1; 
30;5;3;4;4;2;2;6;2;2;3;6;1; 
60;5;2;5;2;3;8;2;2;2;3;6;1; 
120;4;2;3;3;2;0;7;6;2; ; ;1; 
5;3;3;4;4;2;2;7;2;2; ; ;1; 
120;5;1;3;2;3;1;7;2;2; ; ;1; 
15;5;3;5;3;3;1;7;2;2; ; ;1; 
20;5;2;2;3;3;2;6;2;2; ; ;1; 
20;5;2;2;5;3;0;7;2;2;1;1;1; 
120;5;1;9;4;3;4;5;2;2;1;1;1; 
15;5;2;1;5;3;2;5;1;2;1;1;1; 
30;5;3;2;3;2;0;7;2;2;1;1;1; 
20;5;3;2;4;2;0;7;2;2;1;1;1; 
60;5;2;7;2;2;0;7;2;2;1;1;1; 
9999;5;2;0;2;4;5;7;2;2;1;1;1; 
30;5;2;5;3;2;2;6;6;2;1;1;1; 
30;5;2;1;2;4;2;7;2;2;1;1;1; 
5;5;3;5;5;2;2;5;2;2;1;1;1; 
9999;5;3;1;3;4;0;7;2;2;1;1;1; 
60;1;2;9;3;4;8;3;2;2;1;1;1; 
60;5;3;0;3;3;3;5;2;2;1;1;1; 
10;5;3;5;3;1;3;5;2;2;1;1;1; 
10;5;2;6;5;2;1;7;2;2;1;1;1; 
9999;3;3;5;3;2;3;5;2;2;1;1;1; 
15;5;3;5;2;2;8;3;2;2;1;1;1; 
9999;5;4;5;3;2;2;5;2;2;1;1;1; 
60;5;3;10;2;4;5;5;2;2;1;1;1; 
15;5;3;5;2;2;5;5;2;2;1;1;1; 
15;5;3;1;4;2;0;7;2;2;1;1;1; 
770;2;4;10;1;2;10;3;2;2;1;1;1; 
140;2;4;4;2;3;5;3;2;2;1;1;1; 
9999;5;4;5;5;1;0;6;2;2;1;1;1; 
180;1;1;10;2;3;5;3;2;2;1;1;1; 
720;1;2;3;2;3;0;7;2;2;1;2;1; 
80;5;3;5;2;3;5;5;1;2;1;2;1; 
30;5;3;99;2;3;1;7;6;2;1;2;1; 
120;4;3;10;2;2;7;4;1;2;1;2;1; 
30;1;3;9;3;2;5;5;6;2;1;2;1; 
210;1;1;10;1;4;4;5;2;2;1;2;1; 
150;5;2;5;2;2;5;5;1;2;1;2;1; 
90;5;2;10;1;3;8;3;1;2;1;2;1; 
180;2;2;10;1;2;5;5;1;2;1;2;1; 
230;2;2;4;3;2;99;5;2;2;1;2;1; 
30;5;4;3;1;2;8;2;2;2;1;2;1; 
135;2;2;10;2;2;5;5;6;2;1;2;1; 
120;1;4;0;3;4;10;1;2;2;1;2;1; 
60;5;3;4;3;2;3;7;1;2;1;2;1; 
60;5;3;5;2;3;0;7;2;2;1;2;1; 
120;5;3;10;1;3;6;4;2;2;1;2;1; 
10;5;3;7;3;4;3;5;1;2;1;2;1; 
100;5;3;99;2;3;5;5;2;2;1;2;1; 
110;4;2;5;2;2;1;6;2;2;1;2;1; 
180;2;1;99;1;1;10;2;2;2;1;2;1; 
60;3;3;5;1;3;5;6;1;2;1;2;1; 
170;1;3;0;1;4;10;3;2;2;1;2;1; 
10;3;3;5;2;3;5;5;9;2;1;2;1; 
90;1;4;99;3;2;1;6;2;2;1;2;1; 
90;2;2;3;3;2;8;3;2;2;1;2;1; 
60;5;3;7;2;3;5;4;1;2;1;2;1; 
15;3;4;5;1;3;4;6;1;2;1;2;1; 
150;3;1;0;5;2;4;6;2;2;1;2;1; 
210;5;1;10;2;2;9;3;2;2;1;2;1; 
100;4;1;8;2;2;4;4;2;2;1;2;1; 
180;3;1;0;1;3;0;7;2;2;1;2;1; 
90;5;2;7;2;3;5;6;6;2;1;2;1; 
150;5;2;10;1;4;7;2;2;2;1;2;1; 
9999;1;2;0;9;3;10;3;2;2;1;2;1; 
90;1;3;0;2;4;4;5;6;2;1;2;1; 
180;1;1;5;2;4;3;5;1;2;1;2;1; 
120;3;2;5;3;2;3;5;9;2;1;2;1; 
150;3;3;5;3;3;7;3;2;2;1;2;1; 
270;5;3;8;4;3;4;5;2;2;1;2;1; 
120;3;2;10;1;2;7;5;2;2;1;2;1; 
180;5;1;3;2;3;0;5;2;2;2;3;1; 
30;5;1;10;2;2;10;1;2;2;2;3;1; 
60;5;2;3;5;2;0;7;6;2;2;3;1; 
30;5;4;10;2;3;5;5;2;2;2;3;1; 
105;5;1;7;1;3;8;2;2;2;2;3;1; 
45;5;4;2;2;3;0;7;2;2;2;3;1; 
60;2;2;7;2;2;8;3;2;2;2;3;1; 
90;4;3;4;3;3;6;5;2;2;2;3;1; 
120;5;2;99;1;2;8;3;2;2;2;3;1; 
120;5;2;5;1;2;0;7;1;2;2;3;1; 
45;5;1;10;2;2;8;2;1;2;2;3;1; 
170;3;2;0;3;5;1;7;2;2;2;3;1; 
120;5;2;5;2;2;8;3;2;2;2;3;1; 
20;4;3;7;3;1;0;2;1;2;2;3;1; 
60;5;3;5;1;4;0;6;1;2;2;3;1; 
60;5;2;3;4;3;0;7;1;2;2;3;1; 
240;2;2;5;2;2;6;5;2;2;2;3;1; 
120;5;2;0;3;3;3;5;1;2;2;3;1; 
5;5;3;3;4;4;3;4;2;2;2;3;1; 
15;5;4;2;3;2;4;6;1;2;2;3;1; 
30;5;3;4;5;2;1;7;1;2;2;3;1; 
60;5;3;2;4;3;4;5;2;2;2;3;1; 
120;5;1;3;1;1;5;3;2;2;2;3;1; 
120;5;2;4;2;1;0;7;1;2;2;3;1; 
60;5;2;5;2;2;3;5;1;2;2;3;1; 
160;5;2;6;4;4;3;7;2;2;2;3;1; 
90;5;2;0;4;3;0;6;2;2;2;3;1; 
60;5;2;7;2;2;6;4;2;2;2;3;1; 
90;5;1;10;4;2;10;3;2;2;2;3;1; 
100;1;2;10;2;3;10;3;1;2;2;3;1; 
60;5;3;99;3;2;5;6;2;2;2;3;1; 
130;3;2;10;1;3;99;4;2;2;2;3;1; 
90;5;2;8;3;4;3;6;6;2;2;3;1; 
30;5;2;2;4;3;5;5;6;2;2;3;1; 
20;3;3;5;4;2;5;5;6;2;2;3;1; 
9999;5;4;10;5;1;0;7;1;2;2;3;1; 
60;5;4;5;2;2;6;5;2;2;2;3;1; 
60;5;4;8;2;1;2;5;2;2;2;3;1; 
30;5;1;10;4;2;9;2;2;2;2;3;1; 
15;5;2;2;4;3;0;6;1;2;2;3;1; 
5;5;4;5;5;1;6;7;2;2;2;3;1; 
60;5;3;5;1;9;99;99;2;2;2;3;1; 
390;4;3;7;3;1;0;7;6;2;2;3;1; 
20;5;3;8;2;2;7;3;2;2;2;3;1; 
60;5;3;99;5;2;2;99;2;2;2;3;1; 
30;2;3;10;1;1;4;4;2;2;2;3;1; 
60;5;3;5;3;2;0;7;6;2;2;3;1; 
530;5;1;0;5;2;5;5;2;2;2;3;1; 
90;1;2;3;4;2;6;5;2;2;2;3;1; 
120;4;3;99;3;1;0;7;1;2;2;3;1; 
20;5;2;1;5;2;1;5;2;2;2;3;1; 
210;5;2;5;2;3;7;6;2;2;2;3;1; 
150;5;2;10;1;2;10;3;2;2;2;3;1; 
60;4;3;5;1;2;4;5;1;2;2;3;1; 
180;3;2;10;3;1;10;2;2;2;2;3;1; 
10;5;3;0;4;2;8;3;2;2;2;3;1; 
120;5;2;0;2;3;1;6;1;2;2;3;1; 
90;5;3;6;1;2;7;3;1;2;2;3;1; 
9999;5;1;1;1;2;6;5;2;2;2;3;1; 
210;2;2;5;1;3;10;2;2;2;2;3;1; 
180;5;2;10;3;3;10;2;2;2;2;3;1; 
150;1;2;0;1;2;5;3;2;2;2;3;1; 
40;5;3;1;4;3;2;6;2;2;2;3;1; 
9999;1;2;4;2;3;4;3;2;2;2;3;1; 
60;5;2;6;2;2;6;4;1;2;2;3;1; 
90;5;3;6;1;3;6;3;9;2;2;3;1; 
120;2;1;5;9;3;99;99;2;2;2;3;1; 
20;1;3;5;3;2;6;3;2;2;2;3;1; 
110;1;2;4;4;3;6;4;2;2;2;3;1; 
60;5;2;3;1;2;8;5;1;2;2;3;1; 
180;2;2;5;3;4;7;99;9;2;2;3;1; 
120;4;2;5;2;4;7;5;2;2;2;3;1; 
50;5;2;0;2;3;0;7;1;2;2;3;1; 
120;4;2;2;3;2;2;7;1;2;2;3;1; 
60;5;3;0;1;1;3;5;2;2;2;3;1; 
120;5;2;5;3;3;8;3;6;2;2;4;1; 
120;5;1;9;1;2;7;3;2;2;2;4;1; 
150;3;3;5;2;2;4;5;2;2;2;4;1; 
60;5;4;3;4;3;9;4;2;2;2;4;1; 
80;4;1;0;2;3;5;3;2;2;2;4;1; 
120;5;2;7;4;3;1;5;2;2;2;4;1; 
15;5;4;5;3;3;5;5;1;2;2;4;1; 
60;9;2;0;2;3;5;4;2;2;2;4;1; 
60;5;1;0;4;2;0;7;6;2;2;4;1; 
9999;2;2;2;3;2;3;5;2;2;2;4;1; 
20;5;3;5;3;1;4;6;1;2;2;4;1; 
100;5;2;3;2;2;2;5;2;2;2;4;1; 
30;3;3;5;3;3;5;3;2;2;2;4;1; 
60;5;3;5;3;3;7;3;2;2;2;4;1; 
120;4;3;10;2;2;5;5;2;2;2;4;1; 
60;4;3;5;2;2;8;5;1;2;2;4;1; 
180;3;1;5;2;2;0;6;1;2;2;4;1; 
110;1;1;10;1;3;8;2;2;2;2;4;1; 
180;5;1;3;2;2;99;99;2;2;2;4;1; 
30;2;2;5;1;2;3;7;1;2;2;4;1; 
20;4;2;10;1;3;4;3;1;2;2;4;1; 
100;5;3;3;4;2;2;5;1;2;2;4;1; 
15;5;3;7;4;2;8;3;2;2;2;4;1; 
30;5;4;5;3;3;5;6;2;2;2;4;1; 
100;1;2;10;2;2;10;2;2;2;2;4;1; 
60;1;2;9;1;3;5;5;2;2;2;4;1; 
60;3;2;3;3;3;2;5;2;2;2;4;1; 
80;4;3;9;1;3;8;3;2;2;2;4;1; 
30;3;3;10;2;2;10;1;2;2;2;4;1; 
270;3;2;8;2;3;8;3;2;2;2;4;1; 
60;1;1;5;3;3;3;6;2;2;2;4;1; 
65;4;4;3;1;1;6;5;1;2;2;4;1; 
720;5;2;5;3;3;4;5;1;2;2;4;1; 
9999;5;4;5;3;3;2;7;2;2;2;4;1; 
30;5;3;7;2;4;7;5;2;2;2;4;1; 
90;5;1;5;4;1;0;7;6;2;2;4;1; 
140;4;2;4;3;2;99;7;1;2;2;4;1; 
30;4;3;10;1;2;7;5;2;2;2;4;1; 
60;5;3;5;2;2;6;4;2;2;2;4;1; 
150;3;3;9;2;2;7;4;2;2;2;4;1; 
60;5;3;10;3;2;2;6;2;2;2;4;1; 
1;5;3;4;4;4;5;5;1;2;2;4;1; 
10;5;3;2;4;4;0;7;2;2;2;4;1; 
120;3;2;1;3;2;5;3;6;2;2;4;1; 
9999;5;3;3;4;1;6;7;2;2;2;4;1; 
90;5;1;10;2;1;7;5;1;2;2;4;1; 
30;5;3;5;2;1;0;6;2;2;2;4;1; 
15;5;4;1;3;3;0;7;2;2;2;4;1; 
20;4;3;5;3;2;4;7;2;2;2;4;1; 
9999;9;9;5;2;2;7;5;2;2;2;4;1; 
75;3;2;10;2;4;6;6;2;2;2;4;1; 
120;1;2;2;9;3;8;5;2;2;2;4;1; 
210;5;2;10;2;3;3;5;2;2;2;4;1; 
30;5;3;5;2;3;5;5;2;2;2;4;1; 
255;1;2;10;2;3;7;3;2;2;2;4;1; 
150;1;3;7;1;3;7;3;2;2;2;4;1; 
30;5;2;8;2;1;6;6;2;2;2;4;1; 
180;5;2;5;1;1;8;3;2;2;2;4;1; 
60;5;3;5;3;2;3;5;1;2;2;4;1; 
10;4;3;7;4;2;2;5;6;2;2;4;1; 
150;2;1;0;2;2;2;6;2;2;2;4;1; 
120;5;3;4;5;2;0;7;6;2;2;4;1; 
30;5;2;7;2;1;3;6;1;2;2;4;1; 
15;5;4;5;2;4;2;7;6;2;2;4;1; 
30;4;2;8;2;3;5;6;1;2;2;4;1; 
15;5;4;3;3;2;5;6;1;2;2;4;1; 
180;5;2;5;3;1;3;7;1;2;2;4;1; 
210;5;2;9;9;3;6;99;2;2;2;4;1; 
70;3;3;5;2;2;8;3;2;2;2;4;1; 
90;2;3;10;2;2;10;2;2;2;2;4;1; 
60;1;3;8;2;3;8;3;2;2;2;4;1; 
110;5;2;3;4;3;2;6;6;2;2;4;1; 
10;5;3;9;2;3;0;7;1;2;2;4;1; 
180;4;1;5;2;3;0;5;6;2;3;5;1; 
240;5;1;99;1;3;0;7;1;2;3;5;1; 
40;4;2;3;5;3;5;5;6;2;3;5;1; 
60;5;3;4;4;2;3;4;2;2;3;5;1; 
40;5;3;2;5;3;4;7;2;2;3;5;1; 
60;5;3;10;2;2;8;4;2;2;3;5;1; 
150;4;2;3;2;2;2;7;1;2;3;5;1; 
30;5;3;6;2;2;5;5;1;2;3;5;1; 
30;5;3;5;3;2;5;5;1;2;3;5;1; 
30;5;2;5;4;4;6;5;2;2;3;5;1; 
20;5;3;1;4;3;0;7;1;2;3;5;1; 
90;5;1;3;4;2;0;7;1;2;3;5;1; 
120;5;1;1;4;1;0;7;1;2;3;5;1; 
60;5;1;5;1;3;10;5;2;2;3;5;1; 
90;5;2;8;2;3;2;5;2;2;3;5;1; 
30;5;2;5;2;2;6;4;2;2;3;5;1; 
330;5;2;5;2;2;4;5;1;2;3;5;1; 
9999;5;3;5;4;2;4;5;1;2;3;5;1; 
15;5;3;2;2;3;5;5;1;2;3;5;1; 
60;5;2;8;5;1;5;6;1;2;3;5;1; 
10;5;3;1;5;2;2;7;1;2;3;5;1; 
130;5;2;99;2;3;10;4;2;2;3;5;1; 
9999;5;3;4;3;1;4;4;6;2;3;5;1; 
60;5;2;5;2;3;5;5;2;2;3;5;1; 
240;5;1;4;4;2;3;4;1;2;3;5;1; 
270;5;3;0;2;2;0;7;1;2;3;5;1; 
60;5;3;3;4;2;0;6;6;2;3;5;1; 
90;5;2;0;2;3;4;3;2;2;3;5;1; 
180;5;1;8;1;2;0;7;1;2;3;5;1; 
60;5;2;0;3;2;5;5;2;2;3;5;1; 
10;5;3;7;2;2;7;3;1;2;3;5;1; 
150;5;2;0;2;2;5;5;1;2;3;5;1; 
150;5;2;10;1;2;7;5;2;2;3;5;1; 
60;5;2;5;5;2;0;7;1;2;3;5;1; 
200;5;2;10;2;3;9;3;2;2;3;5;1; 
45;5;3;5;2;2;5;6;1;2;3;5;1; 
5;5;4;1;3;1;4;6;1;2;3;5;1; 
30;5;4;5;2;1;0;6;1;2;3;5;1; 
60;5;2;2;4;4;1;7;6;2;3;5;1; 
60;4;4;9;3;4;5;6;2;2;3;5;1; 
15;5;3;1;4;2;7;7;1;2;3;5;1; 
9999;5;3;99;3;2;0;7;2;2;3;5;1; 
5;5;3;1;4;4;2;6;1;2;3;5;1; 
30;5;2;4;3;2;2;5;1;2;3;5;1; 
60;5;2;5;4;2;4;5;1;2;3;5;1; 
120;4;2;5;3;3;5;5;2;2;3;5;1; 
240;5;2;3;2;2;3;5;1;2;3;5;1; 
10;5;4;4;3;3;5;3;1;2;3;5;1; 
90;5;3;6;2;2;6;4;2;2;3;5;1; 
20;5;2;4;4;3;2;7;1;2;3;5;1; 
90;4;2;8;4;1;0;7;1;2;3;6;1; 
120;5;2;8;5;2;7;5;1;2;3;6;1; 
30;5;3;6;2;2;3;5;2;2;3;6;1; 
60;5;2;0;3;1;2;6;2;2;3;6;1; 
120;3;2;8;3;4;7;3;2;2;3;6;1; 
60;5;1;1;4;2;2;7;1;2;3;6;1; 
10;5;3;8;4;2;8;2;2;2;3;6;1; 
180;5;1;3;2;2;1;6;1;2;3;6;1; 
120;5;2;4;3;2;99;99;2;2;3;6;1; 
120;5;2;2;4;2;1;6;6;2;3;6;1; 
120;5;3;2;2;2;1;7;1;2;3;6;1; 
10;5;2;5;2;2;1;7;6;2;3;6;1; 
120;5;2;2;4;1;0;7;1;2;3;6;1; 
30;5;3;5;1;1;9;4;6;2;3;6;1; 
60;5;2;2;5;1;0;7;1;2;3;6;1; 
60;5;2;0;4;3;5;6;1;2;3;6;1; 
30;5;1;7;4;1;8;3;2;2;3;6;1; 
20;4;3;9;3;3;6;5;2;2;3;6;1; 
60;5;2;5;4;2;0;6;2;2;3;6;1; 
150;5;2;0;3;2;2;6;1;2;3;6;1; 
180;3;1;4;2;2;8;3;2;2;3;6;1; 
30;5;3;3;4;2;4;5;2;2;3;6;1; 
60;5;2;5;4;2;4;4;2;2;3;6;1; 
30;5;2;4;2;3;5;4;2;2;3;6;1; 
60;5;2;99;3;4;99;99;1;2;3;6;1; 
90;5;2;5;2;2;3;5;1;2;3;6;1; 
120;5;2;6;3;2;8;3;2;2;3;6;1; 
65;4;2;5;2;2;1;6;2;2;3;6;1; 
5;5;2;5;2;3;0;5;2;2;3;6;1; 
120;5;3;5;1;2;4;6;1;2;3;6;1; 
240;5;2;7;4;3;8;4;2;2;3;6;1; 
60;5;3;5;3;3;5;99;2;2;3;6;1; 
60;5;2;5;4;2;0;7;6;2;3;6;1; 
180;3;2;1;3;4;3;5;1;2;3;6;1; 
360;5;2;10;2;2;9;3;1;2;3;6;1; 
30;4;3;5;4;3;2;5;2;2;3;6;1; 
60;5;2;5;3;2;3;4;2;2;3;6;1; 
60;5;2;1;4;1;0;7;1;2;3;6;1; 
120;4;2;2;3;1;0;6;2;2;3;6;1; 
180;5;2;7;4;2;6;3;2;2;3;6;1; 
110;5;3;2;3;3;1;7;2;2;3;6;1; 
30;5;2;5;3;2;1;5;6;2;3;6;1; 
1380;2;1;10;1;4;10;3;2;2;3;6;1; 
60;5;3;10;1;2;8;3;2;2;3;6;1; 
60;5;1;5;3;2;5;5;1;2;3;6;1; 
60;1;3;7;1;3;10;6;2;2;3;6;1; 
180;5;2;3;4;2;2;5;2;2;3;6;1; 
30;5;3;5;2;2;8;4;1;2;3;6;1; 
90;5;3;3;4;2;4;2;2;2;3;6;1; 
30;5;3;6;3;2;3;4;2;2;3;6;1; 
120;5;1;5;2;2;2;6;1;2;3;6;1; 
60;5;2;0;4;2;0;6;2;2;3;6;1; 
120;5;2;8;3;2;1;6;1;2;3;6;1; 
120;5;2;5;3;2;0;7;2;2;3;6;1; 
120;5;2;2;4;1;5;5;1;2;3;6;1; 
60;5;2;5;5;2;2;6;1;2;3;6;1; 
210;1;1;0;2;1;0;7;2;2;3;6;1; 
60;5;2;5;3;3;7;3;1;2;3;6;1; 
60;5;3;0;4;2;1;6;1;2;3;6;1; 
150;5;1;2;5;2;2;7;1;2;3;6;1; 
90;5;2;5;2;2;1;6;1;2;3;6;1; 
60;5;3;0;4;2;0;7;2;2;3;6;1; 
30;5;2;3;2;1;2;5;1;2;3;6;1; 
90;5;2;4;4;3;4;5;1;2;3;6;1; 
30;5;2;5;2;3;2;5;1;2;3;6;1; 
90;5;3;7;2;2;4;6;1;2;3;6;1; 
110;5;2;5;3;3;3;7;1;2;3;6;1; 
60;5;1;6;2;1;2;5;6;2;3;6;1; 
90;5;3;5;2;1;2;6;6;2;3;6;1; 
120;5;2;1;4;2;7;5;1;2;3;6;1; 
45;5;2;5;4;3;8;3;1;2;3;6;1; 
30;5;2;4;1;3;6;6;2;2;3;6;1; 
150;5;1;2;2;2;5;7;6;2;3;6;1; 
60;5;3;5;2;2;3;6;1;2;3;6;1; 
120;5;2;5;4;2;1;7;2;2;3;6;1; 
45;5;2;1;3;2;0;7;1;2;3;6;1; 
150;1;2;0;5;3;0;7;2;2;3;6;1; 
60;5;2;1;2;2;0;7;2;2;3;6;1; 
150;5;2;1;2;3;1;7;2;2;3;6;1; 
60;5;2;3;3;1;1;4;1;2;3;6;1; 
30;5;3;5;1;3;5;5;6;2;3;6;1; 
90;4;2;5;4;2;2;6;2;2;3;6;1; 
30;5;2;3;3;2;2;5;1;2;3;6;1; 
90;5;3;5;4;3;2;5;1;2;3;6;1; 
180;5;1;4;4;2;1;6;1;2;3;6;1; 
30;5;2;10;1;2;9;2;2;2;3;6;1; 
270;5;1;0;5;2;0;6;2;2;3;6;1; 
65;5;3;5;3;2;1;7;2;2;3;6;1; 
45;5;1;2;5;3;2;7;6;2;3;6;1; 
90;5;2;7;3;3;8;1;2;2;3;6;1; 
20;5;3;5;3;2;0;7;6;2;3;6;1; 
60;5;2;5;4;2;99;99;1;2;3;6;1; 
40;5;2;7;3;3;6;2;2;2;3;6;1; 
45;5;2;8;3;2;6;4;1;2;3;6;1; 
60;4;3;5;3;2;1;7;6;2;3;6;1; 
180;5;1;2;2;3;3;5;2;2;3;6;1; 
30;5;2;7;3;2;8;3;1;2;3;6;1; 
150;5;1;3;2;2;10;3;2;2;3;6;1; 
60;5;1;9;1;2;9;3;2;2;3;6;1; 
480;5;2;7;2;5;9;3;2;2;3;6;1; 
30;5;3;2;4;2;3;5;6;2;3;6;1; 
10;5;2;2;3;3;4;6;2;2;3;6;1; 
25;5;4;5;4;3;7;3;1;2;3;6;1; 
30;5;3;5;4;3;0;7;6;2;3;6;1; 
90;5;3;2;5;2;1;6;2;2;3;6;1; 
90;5;2;4;1;3;2;5;1;2;3;6;1; 
60;5;2;2;3;3;3;7;2;2;3;6;1; 
60;4;2;5;2;2;10;3;2;2;3;6;1; 
390;5;1;3;4;4;3;6;2;2;3;6;1; 
60;5;4;5;3;1;3;7;1;2;3;6;1; 
180;1;2;5;1;3;4;3;2;2;3;6;1; 
10;5;2;99;5;4;0;7;1;2;3;6;1; 
10;5;4;3;3;3;0;7;1;2;3;6;1; 
90;5;2;0;4;3;0;7;1;2;3;6;1; 
30;4;3;5;3;2;6;5;1;2;3;6;1; 
90;4;3;5;2;3;8;4;1;2;3;6;1; 
90;5;2;7;2;4;2;5;1;2;3;6;1; 
120;4;1;8;4;1;1;7;6;2;3;6;1; 
30;5;3;7;2;2;5;3;2;2;3;6;1; 
75;2;3;0;1;2;10;3;2;2;3;6;1; 
60;5;2;3;4;3;5;7;1;2;3;6;1; 
300;5;1;5;4;3;6;4;6;2;3;6;1; 
9999;5;3;5;3;1;2;7;1;2;3;6;1; 
60;5;1;5;5;2;0;7;1;2;3;6;1; 
30;5;2;5;5;2;5;5;6;2;3;6;1; 
60;5;3;5;5;1;2;5;1;2;3;6;1; 
45;5;2;1;5;3;0;7;1;2;3;6;1; 
60;5;3;5;2;2;8;3;1;2;3;6;1; 
30;5;2;7;4;2;8;3;1;2;3;6;1; 
180;5;2;1;2;4;1;7;1;2;3;6;1; 
120;5;3;3;4;3;0;7;1;2;3;6;1; 
60;5;1;7;3;3;2;6;1;2;3;6;1; 
20;5;2;1;5;2;0;7;6;2;3;6;1; 
30;5;2;99;3;3;4;6;9;2;3;6;1; 
160;5;2;4;1;3;8;2;2;2;3;6;1; 
210;5;2;3;1;3;7;3;2;2;3;6;1; 
120;5;1;5;4;4;1;5;2;2;3;6;1; 
20;5;3;4;3;2;7;99;1;2;3;6;1; 
10;5;4;5;3;3;4;6;1;2;3;6;1; 
120;5;2;8;4;4;8;3;2;2;3;6;1; 
30;5;2;8;4;2;6;6;1;2;3;6;1; 
30;5;3;0;1;1;6;4;1;2;3;6;1; 
30;5;3;2;3;3;0;7;1;2;3;6;1; 
150;5;1;7;3;2;8;3;2;2;3;6;1; 
10;5;2;8;2;2;8;4;6;2;3;6;1; 
10;5;3;4;5;3;5;3;1;2;3;6;1; 
60;5;2;5;4;2;7;3;1;2;3;6;1; 
100;2;2;5;4;3;5;5;2;2;3;6;1; 
30;5;3;4;3;2;4;5;2;2;3;6;1; 
240;5;1;4;3;2;4;4;1;2;3;6;1; 
90;5;2;7;3;2;6;3;2;2;3;6;1; 
60;5;2;3;5;4;0;7;1;2;3;6;1; 
60;5;3;7;4;3;6;3;2;2;3;6;1; 
30;5;3;5;2;3;1;5;2;2;3;6;1; 
90;5;2;6;1;3;5;3;2;2;3;6;1; 
9999;5;3;3;5;1;0;7;1;2;3;6;1; 
10;5;2;5;4;2;2;7;2;2;3;6;1; 
180;5;2;3;5;3;0;7;2;2;3;6;1; 
240;5;1;5;2;3;3;7;1;2;3;6;1; 
70;5;2;8;1;1;10;2;2;2;3;6;1; 
150;5;3;3;2;4;7;3;2;2;3;6;1; 
290;5;1;10;2;3;7;3;2;2;3;6;1; 
20;5;2;3;5;2;1;6;1;2;3;6;1; 
70;5;2;2;4;3;0;7;6;2;3;6;1; 
180;1;2;5;3;2;2;6;9;9;2;4;1; 
45;5;2;5;3;2;5;5;9;9;3;5;1; 
180;5;3;5;2;2;5;5;9;9;3;6;1; 
315;2;3;5;2;3;7;5;9;9;1;1;1; 
80;1;4;99;2;3;5;3;2;9;1;2;1; 
240;5;1;10;5;1;8;3;9;9;3;5;1; 
40;1;2;0;2;3;5;3;9;9;3;6;1; 
180;5;1;9;1;3;5;6;2;2;2;3; ; 
60;5;3;5;2;2;7;4;2;2;1;2; ; 
330;1;1;10;3;2;8;5;2;2;1;2; ; 
60;3;3;5;3;2;7;3;2;2;2;3; ; 
9999;9;1;10;1;2;9;3;2;2;3;6; ; 
9999;1;3;6;2;3;9;3;9;9;1;1; ; 
150;5;3;99;2;2;99;99;9;9;2;4; ; 
80;4;2;7;5;1;0;7;9;9;3;6; ; 
120;5;2;8;3;3;4;7;9;9; ; ; ; 
120;4;2;5;9;9;99;99;9;9; ; ; ; 
9999;5;4;0;9;9;99;99;9;9; ; ; ; 
120;2;3;7;3;2;6;3;9;9; ; ; ; 
9999;5;4;5;4;2;4;7;9;9; ; ; ; 
60;4;3;5;2;2;5;5;9;9; ; ; ; 
10;3;2;0;3;3;7;4;9;9; ; ; ; 
20;5;3;4;4;1;2;5;9;9; ; ; ; 
60;5;2;2;4;2;5;5;9;9; ; ; ; 
30;9;2;99;9;2;7;3;9;9; ; ; ; 
170;4;3;3;9;9;99;99;9;9; ; ; ; 
60;4;3;5;2;3;7;5;9;9; ; ; ; 
120;5;1;3;5;2;0;7;9;9; ; ; ; 
20;5;3;5;4;3;4;6;9;9; ; ; ; 
60;3;3;5;9;9;99;99;9;9; ; ; ; 
15;5;2;2;5;9;99;99;9;9; ; ; ; 
30;5;3;4;4;4;5;5;9;9; ; ; ; 
9999;5;2;3;5;2;5;6;9;9; ; ; ; 
360;5;2;0;1;2;5;5;9;9; ; ; ; 
20;4;3;3;3;2;3;3;9;9; ; ; ; 
60;5;2;99;9;9;99;99;9;9; ; ; ; 
10;2;4;99;1;3;10;2;9;9; ; ; ; 
150;5;3;5;4;3;4;5;9;9; ; ; ; 
30;2;3;5;3;3;3;5;9;9; ; ; ; 
30;5;3;7;4;2;6;7;9;9; ; ; ; 
20;5;2;10;9;9;99;99;9;9; ; ; ; 
120;5;1;5;1;2;1;7;9;9; ; ; ; 
30;5;2;10;1;3;10;3;9;9; ; ; ; 
45;5;2;5;9;9;99;99;9;9; ; ; ; 
60;5;3;99;2;4;10;3;9;9; ; ; ; 
90;5;1;8;1;2;3;6;9;9; ; ; ; 
150;5;2;2;4;2;4;3;9;9; ; ; ; 
180;5;2;2;2;3;6;6;9;9; ; ; ; 
120;1;2;10;1;2;7;3;9;9; ; ; ; 
30;5;3;2;2;3;5;5;9;9; ; ; ; 
120;5;1;0;4;2;1;5;9;9; ; ; ; 
200;3;2;5;3;4;5;4;9;9; ; ; ; 
30;5;4;5;2;1;5;5;9;9; ; ; ; 
60;3;3;5;3;3;5;3;9;9; ; ; ; 
120;3;4;5;3;1;8;3;9;9; ; ; ; 
120;3;3;10;1;3;4;4;9;9; ; ; ; 
30;4;2;4;3;2;6;4;9;9; ; ; ; 
10;5;4;8;2;2;7;4;9;9;1;1; ; 
390;5;2;6;3;2;5;5;9;9;1;1; ; 
30;1;4;8;3;3;7;1;9;9;1;1; ; 
50;3;2;5;1;2;5;7;9;9;1;2; ; 
70;3;2;10;2;3;10;2;9;9;2;3; ; 
9999;5;3;6;2;2;10;3;9;9;3;6; ; 
60;9;9;99;9;3;10;3;9;9; ; ; ; 
180;2;1;9;1;3;6;5;9;9; ; ; ; 
60;5;2;6;4;2;99;99;9;9; ; ; ; 
9999;1;3;5;2;5;6;3;9;9; ; ; ; 
9999;5;4;10;1;2;2;7;9;9; ; ; ; 
75;1;2;10;2;4;8;2;9;9; ; ; ; 
120;3;2;10;2;2;10;3;1;9; ; ; ; 
9999;1;3;7;2;3;8;3;9;9; ; ; ; 
1;5;2;10;4;1;6;6;9;9; ; ; ; 
90;2;2;0;4;3;3;6;9;9; ; ; ; 
75;5;4;5;2;2;1;6;9;9;1;1; ; 
90;3;3;5;3;2;5;4;9;9;2;3; ; 
120;9;3;7;1;1;6;3;9;9;2;3; ; 
30;5;3;5;3;3;8;4;9;9;3;5; ; 
60;5;3;5;2;3;5;5;9;9;3;6; ; 
60;5;3;99;2;3;6;4;9;9;3;6; ; 
60;5;2;10;2;2;8;3;9;9;3;6; ; 
120;2;3;10;5;3;9;3;2;1;1;1;3;1
30;5;4;5;1;2;5;3;2;1;1;1;3;1
120;5;4;5;2;2;3;5;1;1;1;1;3;1
60;5;2;8;4;3;6;5;1;1;1;2;3;1
90;3;2;10;2;3;6;6;1;1;1;2;3;1
9999;5;4;5;2;2;5;5;1;1;1;2;3;1
10;1;4;5;3;4;9;6;1;1;1;2;3;1
2;5;3;5;2;1;2;4;1;1;2;3;3;1
9999;5;3;0;1;2;5;3;1;1;2;3;3;1
30;5;3;99;3;3;3;3;1;1;2;3;3;1
60;3;2;10;1;2;7;3;2;1;2;4;3;1
9999;1;3;99;9;2;8;4;2;1;2;4;3;1
120;5;1;9;1;2;7;4;1;1;2;4;3;1
360;5;2;4;2;4;2;6;1;1; ; ;3;1
150;2;2;10;2;3;10;5;2;1;1;1;3;1
180;1;1;10;1;3;10;2;1;1;1;1;3;1
140;1;2;3;2;3;4;4;1;1;1;1;3;1
60;2;3;99;2;2;5;6;1;1;1;2;3;1
45;5;3;5;1;2;5;3;1;1;1;2;3;1
60;3;2;5;2;2;5;5;2;1;1;2;3;1
120;3;2;5;2;2;3;5;1;1;1;2;3;1
60;1;3;99;2;3;3;4;2;1;1;2;3;1
90;1;2;10;1;3;10;2;2;1;1;2;3;1
60;1;3;99;1;3;8;3;2;1;1;2;3;1
285;5;1;2;3;3;2;7;1;1;2;3;3;1
30;5;3;2;9;3;0;7;1;1;2;3;3;1
180;3;3;4;4;4;99;5;1;1;2;3;3;1
300;1;2;5;1;2;5;5;1;1;2;3;3;1
60;4;2;5;2;2;6;4;2;1;2;3;3;1
90;5;1;10;2;3;8;3;1;1;2;3;3;1
150;5;2;5;1;2;5;5;1;1;2;4;3;1
20;5;2;3;3;2;0;7;1;1;2;4;3;1
180;2;3;3;2;5;3;5;2;1;2;4;3;1
20;5;2;7;3;2;0;7;1;1;2;4;3;1
120;2;2;5;3;3;0;7;2;1;3;5;3;1
180;5;1;5;5;3;5;6;6;1;3;5;3;1
90;5;3;10;3;3;5;5;1;1;3;5;3;1
10;5;3;99;4;2;5;5;6;1;3;6;3;1
90;5;1;1;1;3;0;6;2;1;3;6;3;1
240;5;1;5;2;4;0;6;2;1;3;6;3;1
60;5;2;2;5;2;0;7;6;1;3;6;3;1
9999;4;3;10;1;3;7;2;1;1;2;3;2;1
90;5;3;5;2;3;2;5;6;1; ; ;2;1
45;1;3;5;2;4;0;6;2;1;1;1;2;1
15;3;3;5;3;2;2;6;1;1;1;1;2;1
90;2;3;10;1;2;6;5;6;1;1;2;2;1
60;2;4;5;2;3;7;4;2;1;1;2;2;1
30;5;3;9;2;2;10;2;9;1;2;3;2;1
750;5;2;5;2;1;3;5;1;1;2;3;2;1
15;5;3;5;2;2;2;5;2;1;2;3;2;1
30;5;4;10;1;2;7;7;2;1;2;4;2;1
30;3;3;6;1;3;4;3;2;1;2;4;2;1
120;5;3;6;3;2;7;3;1;1;2;4;2;1
30;2;2;5;2;3;2;5;1;1;2;4;2;1
60;5;2;5;3;2;0;7;1;1;3;5;2;1
150;4;1;10;1;2;9;4;1;1;3;5;2;1
120;2;2;3;2;4;2;6;2;1;3;5;2;1
90;3;2;3;1;3;8;5;1;1;3;6;2;1
360;5;1;10;5;3;10;3;2;1;1;2;2;1
60;5;3;10;3;3;3;6;1;1;1;2;2;1
60;5;3;5;4;3;3;6;6;1;1;2;2;1
120;5;3;8;2;3;7;5;1;1;1;2;2;1
60;3;3;0;2;3;1;6;2;1;1;2;2;1
62;5;3;9;1;2;3;5;6;1;1;2;2;1
60;5;2;3;4;2;0;6;1;1;1;2;2;1
150;9;2;10;1;3;10;3;2;1;1;2;2;1
120;1;3;10;2;3;10;3;2;1;1;2;2;1
90;5;2;10;2;3;99;7;2;1;1;2;2;1
140;5;2;5;2;4;6;6;6;1;1;2;2;1
150;3;2;0;2;2;10;3;9;1;1;2;2;1
60;5;3;10;2;2;10;3;2;1;2;3;2;1
110;5;3;10;4;3;9;2;2;1;2;3;2;1
90;5;2;4;1;3;3;3;1;1;2;3;2;1
230;3;2;99;4;2;3;6;2;1;2;3;2;1
30;4;3;99;2;3;99;99;1;1;2;3;2;1
390;5;2;10;9;1;4;5;6;1;2;3;2;1
60;5;4;5;2;2;5;5;2;1;2;3;2;1
90;5;2;5;3;3;8;99;2;1;2;4;2;1
480;5;1;10;1;3;99;6;1;1;2;4;2;1
150;3;2;3;4;2;99;7;2;1;2;4;2;1
180;3;3;0;1;2;7;7;9;1;2;4;2;1
80;5;2;5;3;3;3;4;1;1;2;4;2;1
140;5;1;0;2;3;5;5;1;1;2;4;2;1
75;2;2;3;2;3;0;6;2;1;2;4;2;1
120;5;2;7;3;2;5;5;2;1;2;4;2;1
180;5;1;6;3;3;3;5;1;1;2;4;2;1
150;3;1;10;1;2;5;5;6;1;2;4;2;1
180;2;2;10;2;3;2;5;1;1;2;4;2;1
150;2;2;5;3;3;0;7;2;1;2;4;2;1
20;5;3;3;1;2;8;5;1;1;2;4;2;1
120;3;2;10;9;3;8;5;1;1;2;4;2;1
60;2;3;7;2;3;5;5;2;1;2;4;2;1
300;5;1;5;1;4;0;7;2;1;2;4;2;1
50;5;2;3;2;2;0;7;2;1;3;5;2;1
60;5;2;2;2;2;3;3;1;1;3;6;2;1
230;2;2;10;1;3;5;3;2;1;3;6;2;1
60;2;2;7;2;3;7;3;6;1;3;6;2;1
60;5;3;5;3;3;5;5;1;1;3;6;2;1
120;5;1;5;5;3;2;6;2;1;3;6;2;1
90;5;2;2;1;2;5;2;2;1;3;6;2;1
30;5;2;5;3;2;2;6;2;1;3;6;2;1
90;5;1;5;4;2;3;6;1;1;3;6;2;1
60;5;2;7;3;4;2;5;1;1;3;6;2;1
60;2;3;10;3;4;3;6;1;1;3;6;2;1
120;5;2;3;2;1;7;4;1;1;3;6;2;1
60;4;3;7;3;1;10;3;2;1;3;6;2;1
30;5;3;5;2;2;5;6;2;1;3;6;2;1
20;5;2;0;5;3;0;7;1;1;3;6;2;1
120;5;2;10;4;3;0;7;6;1;3;6;2;1
90;5;2;5;4;2;6;3;2;1;3;6;2;1
10;4;3;5;1;2;5;5;2;1;3;6;2;1
120;2;3;5;3;3;5;4;2;1;2;4;1;1
15;4;3;5;3;3;6;5;1;1;2;4;1;1
70;5;3;5;2;2;5;5;6;1;3;5;1;1
90;5;2;5;4;4;8;6;1;1;3;6;1;1
60;2;3;8;2;2;8;1;2;1;2;4;1;1
150;5;2;0;2;1;4;5;1;1;2;4;1;1
240;5;3;4;3;2;2;6;2;1;3;6;1;1
260;1;3;10;1;4;8;3;2;1;1;1;1;1
270;2;1;10;3;3;7;3;2;1;1;1;1;1
220;5;2;5;2;3;3;5;2;1;1;1;1;1
120;4;2;5;4;3;10;3;2;1;1;2;1;1
120;1;2;10;1;3;3;5;1;1;1;2;1;1
210;5;1;5;1;3;5;5;2;1;1;2;1;1
150;5;3;5;3;4;7;7;2;1;1;2;1;1
60;5;3;5;3;3;3;6;1;1;1;2;1;1
20;1;3;10;2;3;8;3;2;1;2;3;1;1
120;3;2;99;3;3;99;3;2;1;2;3;1;1
10;2;3;99;4;1;2;7;1;1;2;3;1;1
120;1;2;5;3;3;4;5;2;1;2;3;1;1
60;5;3;5;4;2;7;3;1;1;2;3;1;1
60;5;1;6;2;2;8;2;2;1;2;3;1;1
120;5;2;3;2;3;99;5;1;1;2;3;1;1
30;2;3;99;3;3;3;6;2;1;2;3;1;1
60;5;2;5;1;2;1;6;1;1;2;4;1;1
40;5;2;3;4;2;3;7;2;1;2;4;1;1
90;9;2;99;2;4;2;6;9;1;2;4;1;1
390;2;1;10;3;2;5;5;2;1;2;4;1;1
360;3;2;4;2;3;3;7;1;1;2;4;1;1
90;5;2;10;4;3;5;4;1;1;2;4;1;1
60;2;1;2;2;2;5;3;6;1;2;4;1;1
120;5;1;4;1;2;1;5;1;1;2;4;1;1
620;5;2;10;2;2;7;3;1;1;2;4;1;1
210;5;2;4;3;3;0;7;1;1;2;4;1;1
510;5;2;0;2;3;0;6;1;1;2;4;1;1
60;5;2;5;4;2;2;6;1;1;3;5;1;1
60;5;1;1;1;1;5;4;2;1;3;5;1;1
60;5;2;5;9;9;2;5;1;1;3;5;1;1
60;4;1;5;4;3;2;5;6;1;3;5;1;1
150;5;2;6;2;3;6;4;6;1;3;5;1;1
90;5;3;8;3;2;1;6;6;1;3;5;1;1
195;5;1;5;3;2;2;7;1;1;3;5;1;1
210;4;1;6;1;2;0;7;1;1;3;6;1;1
60;5;3;5;2;1;3;6;1;1;3;6;1;1
60;5;3;6;3;3;9;4;6;1;3;6;1;1
30;5;2;1;5;2;0;7;1;1;3;6;1;1
300;4;2;3;3;3;3;5;6;1;3;6;1;1
60;5;1;0;3;3;1;6;2;1;3;6;1;1
90;1;2;7;3;3;5;6;2;1;3;6;1;1
2;5;4;2;4;1;2;6;6;1;3;6;1;1
240;4;1;4;2;2;8;6;2;1;3;6;1;1
170;5;2;5;4;2;2;6;1;1;3;6;1;1
210;5;1;5;4;2;2;6;1;1;3;6;1;1
30;5;3;5;2;2;1;7;1;1;3;6;1;1
15;5;3;8;2;3;7;3;1;1;3;6;1;1
180;5;1;4;2;4;1;7;1;1;3;6;1;1
60;5;2;6;2;2;1;7;1;1;3;6;1;1
150;5;2;5;1;3;2;7;1;1;3;6;1;1
150;5;2;5;1;3;3;6;2;1;3;6;1;1
120;3;2;5;9;3;2;5;1;1;3;6;1;1
60;5;2;4;2;3;7;4;2;1;3;6;1;1
150;5;2;10;1;1;10;2;2;1;3;6;1;1
90;5;2;4;4;2;3;5;2;1;3;6;1;1
60;5;2;8;2;2;8;5;1;1;3;6;1;1
30;4;4;4;1;2;9;2;2;1;2;4; ;1
9999;5;4;5;2;2;2;5;1;2;1;1;3;2
60;2;4;99;2;3;5;5;2;2;1;1;3;2
120;1;3;5;4;3;3;5;2;2;1;1;3;2
150;2;3;5;2;1;6;3;2;2;1;1;3;2
120;5;2;0;2;4;8;5;2;2;1;1;3;2
75;5;3;7;2;2;7;4;6;2;1;2;3;2
60;4;2;10;1;3;3;5;2;2;1;2;3;2
90;2;3;5;3;4;10;2;2;2;1;2;3;2
60;2;2;10;2;4;8;3;2;2;1;2;3;2
210;3;2;8;4;3;8;3;2;2;1;2;3;2
120;5;3;7;1;2;7;3;2;2;1;2;3;2
9999;1;2;0;2;2;10;2;2;2;1;2;3;2
30;4;3;5;3;2;9;3;2;2;2;3;3;2
60;2;3;7;1;2;8;3;2;2;2;3;3;2
60;5;2;5;4;2;0;6;2;2;2;3;3;2
30;5;3;5;1;4;7;3;2;2;2;3;3;2
60;2;2;5;3;3;3;4;6;2;2;3;3;2
240;4;2;6;2;3;9;3;2;2;2;4;3;2
210;5;4;10;2;1;5;3;2;2;2;4;3;2
180;5;3;5;1;2;9;2;6;2;2;4;3;2
10;5;3;5;3;1;1;7;1;2;3;5;3;2
60;5;2;0;5;2;1;7;2;2;3;5;3;2
30;5;3;99;9;3;7;3;2;2;3;5;3;2
30;4;2;9;3;2;7;4;1;2;3;6;3;2
30;5;3;5;3;3;6;4;2;2;3;6;3;2
40;5;3;5;4;1;5;5;1;2;3;6;3;2
10;5;3;5;4;2;7;3;2;2;3;6;3;2
30;5;3;5;3;2;5;99;1;2;3;6;3;2
15;5;3;99;3;2;8;3;9;2;3;6;3;2
90;3;3;6;2;2;4;5;1;2; ; ;3;2
40;5;3;5;9;2;8;3;1;2; ; ;3;2
120;5;2;5;3;3;10;3;2;2; ; ;3;2
5;2;4;10;4;2;99;99;2;2; ; ;3;2
60;4;3;7;1;2;7;4;2;2;1;1;3;2
15;3;4;8;1;3;6;5;2;2;1;1;3;2
90;4;3;5;2;3;5;5;1;2;1;1;3;2
30;5;1;8;2;3;0;7;2;2;1;1;3;2
1;5;4;3;5;5;5;7;2;2;1;1;3;2
120;5;2;5;2;1;9;3;2;2;1;1;3;2
120;1;4;5;3;3;6;6;2;2;1;1;3;2
70;5;2;9;2;2;7;3;2;2;1;1;3;2
30;4;3;4;3;4;1;5;2;2;1;1;3;2
5;5;4;5;5;3;7;3;2;2;1;1;3;2
9999;5;3;99;9;3;0;7;2;2;1;1;3;2
9999;1;4;5;3;3;5;3;2;2;1;1;3;2
90;1;3;10;2;1;10;3;2;2;1;1;3;2
9999;2;3;5;1;3;10;2;2;2;1;1;3;2
5;5;3;2;4;3;0;7;2;2;1;1;3;2
270;5;3;5;2;4;1;7;2;2;1;1;3;2
400;2;3;5;2;3;8;3;2;2;1;1;3;2
180;1;3;8;2;2;8;4;1;2;1;1;3;2
100;3;3;5;2;3;8;3;2;2;1;1;3;2
15;2;4;5;3;2;6;5;2;2;1;1;3;2
20;1;3;10;2;3;10;2;2;2;1;1;3;2
60;2;4;7;2;3;8;3;2;2;1;1;3;2
30;5;3;5;3;3;6;3;2;2;1;1;3;2
5;4;3;7;3;2;5;4;2;2;1;1;3;2
60;1;3;10;1;3;10;99;2;2;1;1;3;2
5;4;3;5;4;3;0;7;2;2;1;1;3;2
60;1;3;10;1;3;1;6;2;2;1;1;3;2
120;5;3;5;1;2;5;5;1;2;1;1;3;2
240;5;2;9;3;2;10;3;2;2;1;1;3;2
2;5;3;10;4;3;7;3;2;2;1;1;3;2
25;5;3;5;2;2;5;3;2;2;1;1;3;2
30;5;3;7;4;1;7;3;2;2;1;1;3;2
9999;5;3;5;3;3;10;2;2;2;1;1;3;2
180;3;4;5;3;1;5;5;2;2;1;1;3;2
60;1;2;8;3;3;7;3;1;2;1;1;3;2
210;1;1;10;1;2;9;4;2;2;1;1;3;2
130;5;2;7;3;2;7;5;2;2;1;1;3;2
9999;1;4;9;2;3;10;3;2;2;1;1;3;2
120;1;3;5;2;4;7;3;2;2;1;1;3;2
720;1;2;10;5;3;5;6;2;2;1;1;3;2
30;1;4;5;2;3;10;1;1;2;1;1;3;2
30;1;3;7;3;2;9;3;2;2;1;1;3;2
240;1;3;10;2;3;9;4;2;2;1;1;3;2
9999;1;4;0;5;5;0;5;2;2;1;1;3;2
30;1;3;6;2;3;6;6;1;2;1;1;3;2
60;1;3;5;5;2;10;2;2;2;1;1;3;2
9999;5;4;4;3;3;3;6;1;2;1;2;3;2
180;5;3;5;1;2;7;3;1;2;1;2;3;2
150;5;2;5;3;3;5;6;1;2;1;2;3;2
20;5;4;5;2;1;6;3;2;2;1;2;3;2
9999;5;4;5;2;1;4;5;1;2;1;2;3;2
40;3;3;5;3;2;99;5;2;2;1;2;3;2
60;5;3;5;4;2;7;4;2;2;1;2;3;2
9999;5;4;99;1;3;9;7;6;2;1;2;3;2
60;5;2;10;2;2;9;3;2;2;1;2;3;2
150;3;3;4;3;3;2;5;2;2;1;2;3;2
30;1;4;5;3;3;3;5;2;2;1;2;3;2
30;2;4;10;2;3;10;3;2;2;1;2;3;2
120;5;1;10;2;3;10;2;2;2;1;2;3;2
60;4;4;7;2;1;8;5;2;2;1;2;3;2
10;2;3;10;4;1;8;3;2;2;1;2;3;2
60;5;2;7;2;4;1;6;1;2;1;2;3;2
120;1;3;5;1;2;5;3;2;2;1;2;3;2
30;2;3;6;3;3;10;3;2;2;1;2;3;2
40;1;3;5;2;3;10;4;2;2;1;2;3;2
10;5;3;5;2;2;8;3;2;2;1;2;3;2
130;1;3;5;2;3;7;4;2;2;1;2;3;2
90;1;4;5;2;3;10;3;2;2;1;1;2;2
180;1;4;5;3;3;5;5;1;2;1;2;2;2
120;1;2;10;2;3;8;3;2;2;1;2;2;2
90;3;3;6;2;3;5;3;2;2;2;3;2;2
60;5;3;10;3;2;6;4;1;2;2;3;2;2
180;5;2;5;1;1;0;5;6;2;2;3;2;2
30;5;4;5;2;3;7;7;2;2;2;3;2;2
119;4;2;7;2;3;2;5;2;2;2;3;2;2
30;5;2;2;2;3;6;5;2;2;2;3;2;2
180;4;3;7;4;3;8;3;2;2;2;3;2;2
59;5;4;3;3;3;2;7;2;2;2;3;2;2
9999;9;9;5;1;2;4;5;2;2;2;4;2;2
40;5;4;5;2;2;0;5;1;2;2;4;2;2
120;9;2;2;2;3;8;3;2;2;2;4;2;2
10;2;3;3;4;2;4;5;6;2;3;5;2;2
60;5;2;8;2;1;9;2;2;2;3;5;2;2
120;1;2;0;2;2;4;5;2;2;3;5;2;2
10;5;4;2;4;3;1;7;1;2;3;6;2;2
40;5;2;5;4;2;5;6;2;2;3;6;2;2
5;5;3;6;1;2;8;3;9;2;3;6;2;2
60;5;3;9;2;3;8;3;2;2;3;6;2;2
120;5;2;5;2;2;3;4;2;2;1;1;2;2
9999;5;4;7;2;1;2;6;2;2;1;1;2;2
180;5;1;9;2;2;8;3;2;2;1;1;2;2
60;5;2;10;1;2;7;5;2;2;1;1;2;2
9999;5;2;5;4;3;3;5;2;2;1;1;2;2
180;1;4;99;3;4;8;1;2;2;1;1;2;2
20;5;3;0;4;2;3;7;2;2;1;1;2;2
10;5;4;10;5;2;0;6;2;2;1;1;2;2
20;5;3;7;3;4;6;4;2;2;1;1;2;2
20;5;3;2;2;3;4;5;2;2;1;1;2;2
15;5;3;5;2;2;99;4;2;2;1;1;2;2
5;5;2;5;4;1;9;6;2;2;1;1;2;2
30;2;3;5;4;4;5;5;2;2;1;1;2;2
9999;5;4;2;3;2;1;6;2;2;1;1;2;2
132;1;2;8;4;5;2;7;1;2;1;1;2;2
120;1;2;6;2;4;6;5;1;2;1;1;2;2
120;1;3;8;2;2;8;3;2;2;1;1;2;2
30;5;3;5;3;1;6;3;2;2;1;1;2;2
240;1;3;5;2;2;10;2;2;2;1;1;2;2
20;5;3;0;4;2;0;7;2;2;1;1;2;2
10;5;3;5;3;2;4;6;2;2;1;1;2;2
60;1;2;5;3;3;8;3;2;2;1;1;2;2
20;5;3;5;4;3;5;5;1;2;1;2;2;2
75;5;2;4;2;2;4;4;6;2;1;2;2;2
60;5;4;5;1;5;2;5;1;2;1;2;2;2
60;3;3;10;2;2;7;3;2;2;1;2;2;2
10;5;3;3;3;2;5;5;2;2;1;1;1;2
150;1;2;10;1;3;10;2;2;2;1;2;1;2
60;5;3;99;3;4;4;5;2;2;2;3;1;2
20;5;3;5;3;2;5;3;2;2;2;3;1;2
59;5;3;8;3;3;5;5;6;2;2;4;1;2
110;2;3;3;5;1;7;2;2;2;2;4;1;2
90;5;3;10;2;2;6;4;2;2;2;4;1;2
9999;2;3;99;4;2;4;3;2;2;3;5;1;2
9999;2;4;10;2;3;10;2;2;2;3;5;1;2
15;5;3;99;3;3;99;99;2;2;3;5;1;2
240;5;2;10;1;1;8;4;2;2;3;5;1;2
90;5;2;9;2;1;7;3;1;2;3;6;1;2
240;5;2;5;2;1;1;6;2;2;3;6;1;2
60;5;2;9;2;2;7;4;1;2;3;6;1;2
180;5;2;7;4;3;7;3;1;2;3;6;1;2
60;5;2;99;2;3;99;99;9;2;3;6;1;2
60;5;2;0;1;4;0;7;1;2;3;6;1;2
70;5;2;5;2;2;2;7;6;2; ; ;1;2
20;5;4;99;9;3;5;5;6;2;1;1;1;2
9999;9;9;4;2;2;5;7;1;2;1;1;1;2
240;5;3;99;3;2;4;5;1;2;1;1;1;2
5;5;3;5;2;3;5;5;1;2;1;1;1;2
5;5;4;5;3;1;0;6;1;2;1;1;1;2
30;5;3;5;4;3;0;7;2;2;1;1;1;2
20;5;4;5;2;2;5;5;2;2;1;2;1;2
60;1;3;0;2;4;2;7;2;2;1;2;1;2
60;3;2;5;3;2;2;5;9;2; ; ; ;2
60;5;3;5;4;1;2;7;2;2;1;1; ;2
